"system","model_key","impulse","response","horizon","irf","lower","upper","status","message"
"exports","exports_var_diff_class_irf","d_ln_exports_real","d_ln_exports_real",0,0.0759411129792037,NA,NA,"ok","IRF calculada con vars::irf como en clase."
"exports","exports_var_diff_class_irf","d_ln_exports_real","d_ln_exports_real",1,0.0346989290263676,NA,NA,"ok","IRF calculada con vars::irf como en clase."
"exports","exports_var_diff_class_irf","d_ln_exports_real","d_ln_exports_real",2,0.0190715854889289,NA,NA,"ok","IRF calculada con vars::irf como en clase."
"exports","exports_var_diff_class_irf","d_ln_exports_real","d_ln_exports_real",3,0.0255698887636384,NA,NA,"ok","IRF calculada con vars::irf como en clase."
"exports","exports_var_diff_class_irf","d_ln_exports_real","d_ln_exports_real",4,0.0615723068723555,NA,NA,"ok","IRF calculada con vars::irf como en clase."
"exports","exports_var_diff_class_irf","d_ln_exports_real","d_ln_exports_real",5,0.0286262488761336,NA,NA,"ok","IRF calculada con vars::irf como en clase."
"exports","exports_var_diff_class_irf","d_ln_exports_real","d_ln_exports_real",6,0.019727263075561,NA,NA,"ok","IRF calculada con vars::irf como en clase."
"exports","exports_var_diff_class_irf","d_ln_exports_real","d_ln_exports_real",7,0.02746270570992,NA,NA,"ok","IRF calculada con vars::irf como en clase."
"exports","exports_var_diff_class_irf","d_ln_exports_real","d_ln_exports_real",8,0.0531699211571466,NA,NA,"ok","IRF calculada con vars::irf como en clase."
"exports","exports_var_diff_class_irf","d_ln_exports_real","d_ln_exports_real",9,0.0297372235589331,NA,NA,"ok","IRF calculada con vars::irf como en clase."
"exports","exports_var_diff_class_irf","d_ln_exports_real","d_ln_exports_real",10,0.0242668628899324,NA,NA,"ok","IRF calculada con vars::irf como en clase."
"exports","exports_var_diff_class_irf","d_ln_exports_real","d_ln_exports_real",11,0.0296883433564087,NA,NA,"ok","IRF calculada con vars::irf como en clase."
"exports","exports_var_diff_class_irf","d_ln_exports_real","d_ln_exports_real",12,0.0471572868265256,NA,NA,"ok","IRF calculada con vars::irf como en clase."
"exports","exports_var_diff_class_irf","d_ln_exports_real","d_ln_pib_socios",0,0.00350636542997673,NA,NA,"ok","IRF calculada con vars::irf como en clase."
"exports","exports_var_diff_class_irf","d_ln_exports_real","d_ln_pib_socios",1,0.00350549293501232,NA,NA,"ok","IRF calculada con vars::irf como en clase."
"exports","exports_var_diff_class_irf","d_ln_exports_real","d_ln_pib_socios",2,0.00036174828030086,NA,NA,"ok","IRF calculada con vars::irf como en clase."
"exports","exports_var_diff_class_irf","d_ln_exports_real","d_ln_pib_socios",3,-0.0000882718102889525,NA,NA,"ok","IRF calculada con vars::irf como en clase."
"exports","exports_var_diff_class_irf","d_ln_exports_real","d_ln_pib_socios",4,0.000667557976398316,NA,NA,"ok","IRF calculada con vars::irf como en clase."
"exports","exports_var_diff_class_irf","d_ln_exports_real","d_ln_pib_socios",5,0.00098175705333027,NA,NA,"ok","IRF calculada con vars::irf como en clase."
"exports","exports_var_diff_class_irf","d_ln_exports_real","d_ln_pib_socios",6,0.000261792857941475,NA,NA,"ok","IRF calculada con vars::irf como en clase."
"exports","exports_var_diff_class_irf","d_ln_exports_real","d_ln_pib_socios",7,0.000522437561258831,NA,NA,"ok","IRF calculada con vars::irf como en clase."
"exports","exports_var_diff_class_irf","d_ln_exports_real","d_ln_pib_socios",8,0.000686573465898638,NA,NA,"ok","IRF calculada con vars::irf como en clase."
"exports","exports_var_diff_class_irf","d_ln_exports_real","d_ln_pib_socios",9,0.00092302021858104,NA,NA,"ok","IRF calculada con vars::irf como en clase."
"exports","exports_var_diff_class_irf","d_ln_exports_real","d_ln_pib_socios",10,0.00043921095402095,NA,NA,"ok","IRF calculada con vars::irf como en clase."
"exports","exports_var_diff_class_irf","d_ln_exports_real","d_ln_pib_socios",11,0.000612544892504184,NA,NA,"ok","IRF calculada con vars::irf como en clase."
"exports","exports_var_diff_class_irf","d_ln_exports_real","d_ln_pib_socios",12,0.000673188553493713,NA,NA,"ok","IRF calculada con vars::irf como en clase."
"exports","exports_var_diff_class_irf","d_ln_exports_real","d_ln_itcrm",0,0.00975163011602368,NA,NA,"ok","IRF calculada con vars::irf como en clase."
"exports","exports_var_diff_class_irf","d_ln_exports_real","d_ln_itcrm",1,-0.000259189667818719,NA,NA,"ok","IRF calculada con vars::irf como en clase."
"exports","exports_var_diff_class_irf","d_ln_exports_real","d_ln_itcrm",2,-0.00163103340331423,NA,NA,"ok","IRF calculada con vars::irf como en clase."
"exports","exports_var_diff_class_irf","d_ln_exports_real","d_ln_itcrm",3,0.00305357133670758,NA,NA,"ok","IRF calculada con vars::irf como en clase."
"exports","exports_var_diff_class_irf","d_ln_exports_real","d_ln_itcrm",4,-0.00419177987689137,NA,NA,"ok","IRF calculada con vars::irf como en clase."
"exports","exports_var_diff_class_irf","d_ln_exports_real","d_ln_itcrm",5,-0.00432415076452605,NA,NA,"ok","IRF calculada con vars::irf como en clase."
"exports","exports_var_diff_class_irf","d_ln_exports_real","d_ln_itcrm",6,-0.00169675775309544,NA,NA,"ok","IRF calculada con vars::irf como en clase."
"exports","exports_var_diff_class_irf","d_ln_exports_real","d_ln_itcrm",7,0.00330727626228833,NA,NA,"ok","IRF calculada con vars::irf como en clase."
"exports","exports_var_diff_class_irf","d_ln_exports_real","d_ln_itcrm",8,-0.00213221373172386,NA,NA,"ok","IRF calculada con vars::irf como en clase."
"exports","exports_var_diff_class_irf","d_ln_exports_real","d_ln_itcrm",9,-0.00271187483963765,NA,NA,"ok","IRF calculada con vars::irf como en clase."
"exports","exports_var_diff_class_irf","d_ln_exports_real","d_ln_itcrm",10,-0.00113698705276522,NA,NA,"ok","IRF calculada con vars::irf como en clase."
"exports","exports_var_diff_class_irf","d_ln_exports_real","d_ln_itcrm",11,0.00198740444849486,NA,NA,"ok","IRF calculada con vars::irf como en clase."
"exports","exports_var_diff_class_irf","d_ln_exports_real","d_ln_itcrm",12,-0.00202485993150925,NA,NA,"ok","IRF calculada con vars::irf como en clase."
"exports","exports_var_diff_class_irf","d_ln_pib_socios","d_ln_exports_real",0,0,NA,NA,"ok","IRF calculada con vars::irf como en clase."
"exports","exports_var_diff_class_irf","d_ln_pib_socios","d_ln_exports_real",1,0.013766451370803,NA,NA,"ok","IRF calculada con vars::irf como en clase."
"exports","exports_var_diff_class_irf","d_ln_pib_socios","d_ln_exports_real",2,0.03609124238751,NA,NA,"ok","IRF calculada con vars::irf como en clase."
"exports","exports_var_diff_class_irf","d_ln_pib_socios","d_ln_exports_real",3,0.0415200102298006,NA,NA,"ok","IRF calculada con vars::irf como en clase."
"exports","exports_var_diff_class_irf","d_ln_pib_socios","d_ln_exports_real",4,0.024290823953875,NA,NA,"ok","IRF calculada con vars::irf como en clase."
"exports","exports_var_diff_class_irf","d_ln_pib_socios","d_ln_exports_real",5,0.0148581751245872,NA,NA,"ok","IRF calculada con vars::irf como en clase."
"exports","exports_var_diff_class_irf","d_ln_pib_socios","d_ln_exports_real",6,0.0273976305024111,NA,NA,"ok","IRF calculada con vars::irf como en clase."
"exports","exports_var_diff_class_irf","d_ln_pib_socios","d_ln_exports_real",7,0.0345007940888241,NA,NA,"ok","IRF calculada con vars::irf como en clase."
"exports","exports_var_diff_class_irf","d_ln_pib_socios","d_ln_exports_real",8,0.0223135556130947,NA,NA,"ok","IRF calculada con vars::irf como en clase."
"exports","exports_var_diff_class_irf","d_ln_pib_socios","d_ln_exports_real",9,0.0167904176264853,NA,NA,"ok","IRF calculada con vars::irf como en clase."
"exports","exports_var_diff_class_irf","d_ln_pib_socios","d_ln_exports_real",10,0.0265841219341917,NA,NA,"ok","IRF calculada con vars::irf como en clase."
"exports","exports_var_diff_class_irf","d_ln_pib_socios","d_ln_exports_real",11,0.0319495661439238,NA,NA,"ok","IRF calculada con vars::irf como en clase."
"exports","exports_var_diff_class_irf","d_ln_pib_socios","d_ln_exports_real",12,0.0234327503229246,NA,NA,"ok","IRF calculada con vars::irf como en clase."
"exports","exports_var_diff_class_irf","d_ln_pib_socios","d_ln_pib_socios",0,0.0175101600965956,NA,NA,"ok","IRF calculada con vars::irf como en clase."
"exports","exports_var_diff_class_irf","d_ln_pib_socios","d_ln_pib_socios",1,0.016870960433747,NA,NA,"ok","IRF calculada con vars::irf como en clase."
"exports","exports_var_diff_class_irf","d_ln_pib_socios","d_ln_pib_socios",2,0.0141003657147061,NA,NA,"ok","IRF calculada con vars::irf como en clase."
"exports","exports_var_diff_class_irf","d_ln_pib_socios","d_ln_pib_socios",3,0.0132456176563329,NA,NA,"ok","IRF calculada con vars::irf como en clase."
"exports","exports_var_diff_class_irf","d_ln_pib_socios","d_ln_pib_socios",4,0.0131806311082905,NA,NA,"ok","IRF calculada con vars::irf como en clase."
"exports","exports_var_diff_class_irf","d_ln_pib_socios","d_ln_pib_socios",5,0.0125961479306521,NA,NA,"ok","IRF calculada con vars::irf como en clase."
"exports","exports_var_diff_class_irf","d_ln_pib_socios","d_ln_pib_socios",6,0.0122443238171248,NA,NA,"ok","IRF calculada con vars::irf como en clase."
"exports","exports_var_diff_class_irf","d_ln_pib_socios","d_ln_pib_socios",7,0.0124586822531574,NA,NA,"ok","IRF calculada con vars::irf como en clase."
"exports","exports_var_diff_class_irf","d_ln_pib_socios","d_ln_pib_socios",8,0.0126526335952373,NA,NA,"ok","IRF calculada con vars::irf como en clase."
"exports","exports_var_diff_class_irf","d_ln_pib_socios","d_ln_pib_socios",9,0.0125340595527972,NA,NA,"ok","IRF calculada con vars::irf como en clase."
"exports","exports_var_diff_class_irf","d_ln_pib_socios","d_ln_pib_socios",10,0.0125818408868426,NA,NA,"ok","IRF calculada con vars::irf como en clase."
"exports","exports_var_diff_class_irf","d_ln_pib_socios","d_ln_pib_socios",11,0.0127238334981427,NA,NA,"ok","IRF calculada con vars::irf como en clase."
"exports","exports_var_diff_class_irf","d_ln_pib_socios","d_ln_pib_socios",12,0.0127051528916551,NA,NA,"ok","IRF calculada con vars::irf como en clase."
"exports","exports_var_diff_class_irf","d_ln_pib_socios","d_ln_itcrm",0,0.00376491279084367,NA,NA,"ok","IRF calculada con vars::irf como en clase."
"exports","exports_var_diff_class_irf","d_ln_pib_socios","d_ln_itcrm",1,-0.00370307290529397,NA,NA,"ok","IRF calculada con vars::irf como en clase."
"exports","exports_var_diff_class_irf","d_ln_pib_socios","d_ln_itcrm",2,-0.0155873497414813,NA,NA,"ok","IRF calculada con vars::irf como en clase."
"exports","exports_var_diff_class_irf","d_ln_pib_socios","d_ln_itcrm",3,-0.0250248273805349,NA,NA,"ok","IRF calculada con vars::irf como en clase."
"exports","exports_var_diff_class_irf","d_ln_pib_socios","d_ln_itcrm",4,-0.0230302860206183,NA,NA,"ok","IRF calculada con vars::irf como en clase."
"exports","exports_var_diff_class_irf","d_ln_pib_socios","d_ln_itcrm",5,-0.0195280724809037,NA,NA,"ok","IRF calculada con vars::irf como en clase."
"exports","exports_var_diff_class_irf","d_ln_pib_socios","d_ln_itcrm",6,-0.0179116128706168,NA,NA,"ok","IRF calculada con vars::irf como en clase."
"exports","exports_var_diff_class_irf","d_ln_pib_socios","d_ln_itcrm",7,-0.0200029457131636,NA,NA,"ok","IRF calculada con vars::irf como en clase."
"exports","exports_var_diff_class_irf","d_ln_pib_socios","d_ln_itcrm",8,-0.0201473558417823,NA,NA,"ok","IRF calculada con vars::irf como en clase."
"exports","exports_var_diff_class_irf","d_ln_pib_socios","d_ln_itcrm",9,-0.0177617166575054,NA,NA,"ok","IRF calculada con vars::irf como en clase."
"exports","exports_var_diff_class_irf","d_ln_pib_socios","d_ln_itcrm",10,-0.0172457520204721,NA,NA,"ok","IRF calculada con vars::irf como en clase."
"exports","exports_var_diff_class_irf","d_ln_pib_socios","d_ln_itcrm",11,-0.0193890348991407,NA,NA,"ok","IRF calculada con vars::irf como en clase."
"exports","exports_var_diff_class_irf","d_ln_pib_socios","d_ln_itcrm",12,-0.0199012791070209,NA,NA,"ok","IRF calculada con vars::irf como en clase."
"exports","exports_var_diff_class_irf","d_ln_itcrm","d_ln_exports_real",0,0,NA,NA,"ok","IRF calculada con vars::irf como en clase."
"exports","exports_var_diff_class_irf","d_ln_itcrm","d_ln_exports_real",1,-0.000705011257920177,NA,NA,"ok","IRF calculada con vars::irf como en clase."
"exports","exports_var_diff_class_irf","d_ln_itcrm","d_ln_exports_real",2,-0.000935590472871822,NA,NA,"ok","IRF calculada con vars::irf como en clase."
"exports","exports_var_diff_class_irf","d_ln_itcrm","d_ln_exports_real",3,0.0232952578983085,NA,NA,"ok","IRF calculada con vars::irf como en clase."
"exports","exports_var_diff_class_irf","d_ln_itcrm","d_ln_exports_real",4,0.00894391113736267,NA,NA,"ok","IRF calculada con vars::irf como en clase."
"exports","exports_var_diff_class_irf","d_ln_itcrm","d_ln_exports_real",5,0.00367826392481689,NA,NA,"ok","IRF calculada con vars::irf como en clase."
"exports","exports_var_diff_class_irf","d_ln_itcrm","d_ln_exports_real",6,0.0000193914665120192,NA,NA,"ok","IRF calculada con vars::irf como en clase."
"exports","exports_var_diff_class_irf","d_ln_itcrm","d_ln_exports_real",7,0.0177630169740791,NA,NA,"ok","IRF calculada con vars::irf como en clase."
"exports","exports_var_diff_class_irf","d_ln_itcrm","d_ln_exports_real",8,0.00907540804351689,NA,NA,"ok","IRF calculada con vars::irf como en clase."
"exports","exports_var_diff_class_irf","d_ln_itcrm","d_ln_exports_real",9,0.00491094427767387,NA,NA,"ok","IRF calculada con vars::irf como en clase."
"exports","exports_var_diff_class_irf","d_ln_itcrm","d_ln_exports_real",10,0.00232411315753746,NA,NA,"ok","IRF calculada con vars::irf como en clase."
"exports","exports_var_diff_class_irf","d_ln_itcrm","d_ln_exports_real",11,0.0147633513964722,NA,NA,"ok","IRF calculada con vars::irf como en clase."
"exports","exports_var_diff_class_irf","d_ln_itcrm","d_ln_exports_real",12,0.00851544612495506,NA,NA,"ok","IRF calculada con vars::irf como en clase."
"exports","exports_var_diff_class_irf","d_ln_itcrm","d_ln_pib_socios",0,0,NA,NA,"ok","IRF calculada con vars::irf como en clase."
"exports","exports_var_diff_class_irf","d_ln_itcrm","d_ln_pib_socios",1,0.00277627646543188,NA,NA,"ok","IRF calculada con vars::irf como en clase."
"exports","exports_var_diff_class_irf","d_ln_itcrm","d_ln_pib_socios",2,0.00169790469447302,NA,NA,"ok","IRF calculada con vars::irf como en clase."
"exports","exports_var_diff_class_irf","d_ln_itcrm","d_ln_pib_socios",3,0.00071393127846686,NA,NA,"ok","IRF calculada con vars::irf como en clase."
"exports","exports_var_diff_class_irf","d_ln_itcrm","d_ln_pib_socios",4,0.00185900539683529,NA,NA,"ok","IRF calculada con vars::irf como en clase."
"exports","exports_var_diff_class_irf","d_ln_itcrm","d_ln_pib_socios",5,0.00167753364387588,NA,NA,"ok","IRF calculada con vars::irf como en clase."
"exports","exports_var_diff_class_irf","d_ln_itcrm","d_ln_pib_socios",6,0.00172375458493106,NA,NA,"ok","IRF calculada con vars::irf como en clase."
"exports","exports_var_diff_class_irf","d_ln_itcrm","d_ln_pib_socios",7,0.00156987345848235,NA,NA,"ok","IRF calculada con vars::irf como en clase."
"exports","exports_var_diff_class_irf","d_ln_itcrm","d_ln_pib_socios",8,0.0017572853901514,NA,NA,"ok","IRF calculada con vars::irf como en clase."
"exports","exports_var_diff_class_irf","d_ln_itcrm","d_ln_pib_socios",9,0.00151252984512091,NA,NA,"ok","IRF calculada con vars::irf como en clase."
"exports","exports_var_diff_class_irf","d_ln_itcrm","d_ln_pib_socios",10,0.00154543574637704,NA,NA,"ok","IRF calculada con vars::irf como en clase."
"exports","exports_var_diff_class_irf","d_ln_itcrm","d_ln_pib_socios",11,0.0015270857387923,NA,NA,"ok","IRF calculada con vars::irf como en clase."
"exports","exports_var_diff_class_irf","d_ln_itcrm","d_ln_pib_socios",12,0.00170259604487301,NA,NA,"ok","IRF calculada con vars::irf como en clase."
"exports","exports_var_diff_class_irf","d_ln_itcrm","d_ln_itcrm",0,0.0545774660208427,NA,NA,"ok","IRF calculada con vars::irf como en clase."
"exports","exports_var_diff_class_irf","d_ln_itcrm","d_ln_itcrm",1,0.0652437714156639,NA,NA,"ok","IRF calculada con vars::irf como en clase."
"exports","exports_var_diff_class_irf","d_ln_itcrm","d_ln_itcrm",2,0.0705014793557639,NA,NA,"ok","IRF calculada con vars::irf como en clase."
"exports","exports_var_diff_class_irf","d_ln_itcrm","d_ln_itcrm",3,0.0615351286679737,NA,NA,"ok","IRF calculada con vars::irf como en clase."
"exports","exports_var_diff_class_irf","d_ln_itcrm","d_ln_itcrm",4,0.0559849618086986,NA,NA,"ok","IRF calculada con vars::irf como en clase."
"exports","exports_var_diff_class_irf","d_ln_itcrm","d_ln_itcrm",5,0.0547690443555257,NA,NA,"ok","IRF calculada con vars::irf como en clase."
"exports","exports_var_diff_class_irf","d_ln_itcrm","d_ln_itcrm",6,0.0576067898422984,NA,NA,"ok","IRF calculada con vars::irf como en clase."
"exports","exports_var_diff_class_irf","d_ln_itcrm","d_ln_itcrm",7,0.0554433807306895,NA,NA,"ok","IRF calculada con vars::irf como en clase."
"exports","exports_var_diff_class_irf","d_ln_itcrm","d_ln_itcrm",8,0.0553647377269194,NA,NA,"ok","IRF calculada con vars::irf como en clase."
"exports","exports_var_diff_class_irf","d_ln_itcrm","d_ln_itcrm",9,0.0554884234200192,NA,NA,"ok","IRF calculada con vars::irf como en clase."
"exports","exports_var_diff_class_irf","d_ln_itcrm","d_ln_itcrm",10,0.058127618734721,NA,NA,"ok","IRF calculada con vars::irf como en clase."
"exports","exports_var_diff_class_irf","d_ln_itcrm","d_ln_itcrm",11,0.0564074424334373,NA,NA,"ok","IRF calculada con vars::irf como en clase."
"exports","exports_var_diff_class_irf","d_ln_itcrm","d_ln_itcrm",12,0.0558975761378088,NA,NA,"ok","IRF calculada con vars::irf como en clase."
