"paso","script","ruta","estado","inicio","fin","duracion_segundos","numero_advertencias","advertencias","numero_objetos_nuevos","objetos_nuevos","error"
1,"script01_carga_Datos.R","C:/Users/andre/Desktop/TP3_Series_Tiempo/scripts/script01_carga_Datos.R","OK","2026-06-23 18:20:25","2026-06-23 18:20:25",0.53,0,NA,7,"pib_brasil | pib_brasil_raw | pib_externo | pib_usa | pib_usa_raw | ruta_pib_brasil | ruta_pib_usa",NA
2,"script02_ITCRM_diario.R","C:/Users/andre/Desktop/TP3_Series_Tiempo/scripts/script02_ITCRM_diario.R","OK","2026-06-23 18:20:25","2026-06-23 18:20:27",1.25,3,"Expecting date in A10730 / R10730C1: got 'Nota: Datos provisorios sujetos a revisión.' || Expecting date in A10731 / R10731C1: got 'Fuente: INDEC, Direcciones de Estadísticas de la Ciudad Autónoma de Buenos Aires y de la Provincia de San Luis, Datastream y REM BCRA' || Expecting date in A10732 / R10732C1: got '*Promedio simple de valores de Brasil, Chile y Uruguay'",25,"columnas_itcrm_faltantes | columnas_itcrm_requeridas | columnas_ponderadores_faltantes | columnas_ponderadores_requeridas | duplicados_itcrm | duplicados_ponderadores | grafico_itcrm | hojas_disponibles | hojas_faltantes | hojas_requeridas | itcrm_diario | itcrm_diario_2004_2025 | itcrm_exportar | itcrm_raw | itcrm_trimestral | paquetes | paquetes_faltantes | ponderadores_mensuales | ponderadores_promedio_2004_2022 | ponderadores_promedio_2004_2025 | ponderadores_raw | ruta_itcrm | suma_normalizada_2004_2025 | tabla_ponderadores | valores_no_positivos",NA
3,"scrip03_ipm_ipx_pib.R","C:/Users/andre/Desktop/TP3_Series_Tiempo/scripts/scrip03_ipm_ipx_pib.R","OK","2026-06-23 18:20:27","2026-06-23 18:20:31",4.65,0,NA,18,"anios | anios_raw | columnas_trimestrales | datos_arg_raw | datos_argentina | datos_argentina_excel | datos_argentina_long | duplicados_argentina | etiquetas_filas | etiquetas_trimestre | exportaciones_argentina | extraer_serie_argentina | grafico_datos_argentina | importaciones_argentina | pib_argentina | resumen_faltantes_argentina | ruta_comercio_arg | trimestres",NA
4,"script04_commodities.R","C:/Users/andre/Desktop/TP3_Series_Tiempo/scripts/script04_commodities.R","OK","2026-06-23 18:20:31","2026-06-23 18:20:33",1.31,0,NA,7,"commodities_excel | commodities_mensual | commodities_mensual_2004_2025 | commodities_raw | commodities_trimestral | grafico_commodities | ruta_commodities",NA
5,"script05_construcción_pib.R","C:/Users/andre/Desktop/TP3_Series_Tiempo/scripts/script05_construcción_pib.R","OK","2026-06-23 18:20:33","2026-06-23 18:20:34",1.3,0,NA,20,"grafico_pib_socios | periodo_base | pib_brasil_base | pib_socios | pib_socios_excel | pib_socios_long | pib_usa_base | ponderadores_muestra | ponderadores_pib_socios | resumen_pib_externo | ruta_pib_externo | ruta_ponderadores | tabla_ponderadores_pib_socios | valor_base_socios | variables_pib_faltantes | variables_pib_requeridas | variables_ponderadores_faltantes | variables_ponderadores_requeridas | w_brasil | w_usa",NA
6,"script06_panel.R","C:/Users/andre/Desktop/TP3_Series_Tiempo/scripts/script06_panel.R","OK","2026-06-23 18:20:34","2026-06-23 18:20:34",0.63,0,NA,44,"anio_inicio | archivos_faltantes | argentina_panel | calendario_esperado | commodities_panel | faltan_en_commodities | faltan_en_itcrm | faltan_en_socios | faltantes_argentina | faltantes_commodities | faltantes_itcrm | faltantes_socios | itcrm_panel | panel_diferencias | panel_diferencias_excel | panel_maestro | panel_maestro_excel | periodos_argentina | periodos_commodities | periodos_faltantes_panel | periodos_itcrm | periodos_socios | resumen_cobertura | resumen_panel | ruta_argentina | ruta_pib_socios | rutas_requeridas | sistema_exportaciones_ampliado_diferencias | sistema_exportaciones_ampliado_niveles | sistema_exportaciones_clasico_diferencias | sistema_exportaciones_clasico_niveles | sistema_importaciones_diferencias | sistema_importaciones_niveles | socios_panel | tabla_faltantes | trimestre_inicio | ts_diferencias | ts_niveles | variables_argentina | variables_commodities | variables_itcrm | variables_logs | variables_niveles | variables_socios",NA
7,"script07_estacionalidad.R","C:/Users/andre/Desktop/TP3_Series_Tiempo/scripts/script07_estacionalidad.R","OK","2026-06-23 18:20:34","2026-06-23 18:20:44",9.39,0,NA,26,"base_correlaciones | calcular_descriptivos | diccionario_series | grafico_estacionalidad | grafico_exportaciones | grafico_importaciones | grafico_indices_base | grafico_series_diferencias | grafico_series_logs | grafico_series_niveles | matriz_correlaciones | prueba_estacionalidad | ruta_panel | series_diferencias_long | series_indice_base | series_logs_long | series_niveles_long | tabla_cobertura_descriptiva | tabla_correlaciones | tabla_descriptivos_completa | tabla_descriptivos_diferencias | tabla_descriptivos_logs | tabla_descriptivos_niveles | tabla_estacionalidad | variables_faltantes | variables_requeridas",NA
8,"script08_raices_unitarias.R","C:/Users/andre/Desktop/TP3_Series_Tiempo/scripts/script08_raices_unitarias.R","OK","2026-06-23 18:20:44","2026-06-23 18:20:53",9.51,0,NA,38,"clave_i | config_series | contador_adf | control_adf | criterio_i | criterios_rezagos | ejecutar_adf_docente | ejecutar_ocsb | encabezado_i | especificacion_i | especificaciones_adf | etiqueta_i | faltantes_en_diferencias | faltantes_en_niveles | i | inicio_ts | lista_resultados_adf | lista_resultados_ocsb | ocsb_con_error | ocsb_exitosos | resultado_ejecucion | resultado_i | resultados_adf | resultados_ocsb | robustez_adf | ruta_adf_curso | rutas_adf_existentes | rutas_posibles_adf | salida_adf_docente | serie_i | series_diferencias | series_niveles | tabla_adf_principal | tabla_control_ts | tabla_final_raices | tabla_informe_raices | tabla_orden_integracion | Test.ADF.Ver.3",NA
9,"script09_engle_grenger.R","C:/Users/andre/Desktop/TP3_Series_Tiempo/scripts/script09_engle_grenger.R","OK","2026-06-23 18:20:53","2026-06-23 18:20:57",3.78,0,NA,77,"adf_residual_engle_granger | ajustar_modelo_dinamico | ajuste_ecm | ajuste_wb | buscar_criticos_eg | calcular_ratio_largo_plazo | clave_modelo | coeficientes_diferencias | coeficientes_ecm | coeficientes_eg | coeficientes_wb | comparacion_largo_plazo | comparacion_modelos_corto_plazo | configuracion_excel | contador_eg | contador_modelos | contador_wb | crear_formula | decision_cointegracion | decision_eg_integral | denominador | dependent_i | diagnosticos_diferencias | diagnosticos_ecm | diagnosticos_lm | diagnosticos_todos | diagnosticos_wb | elasticidades_corto_plazo | elasticidades_corto_plazo_diferencias | elasticidades_corto_plazo_ecm | elasticidades_largo_plazo_eg | elasticidades_largo_plazo_wb | elasticidades_wb | especificaciones | estimar_engle_granger | extraer_coeftest | fit_i | grafico_elasticidades | grafico_residuos_eg | lag_i | max_lag_dinamico | model_key_i | modelos_eg | nombre_diferencia | nombre_ecm | nombre_residuo | obtener_p_value | panel_modelos | residuos_eg | residuos_eg_baseline | resultados_diferencias | resultados_ecm | resultados_eg | resultados_wb | resumen_diferencias | resumen_ecm | resumen_eg | resumen_lm | resumen_wb | seasonal_i | seleccion_lags_diferencias | seleccion_lags_ecm | seleccion_lags_eg | seleccion_lags_wb | spec_i | tabla_criticos_eg | tabla_lag_dependiente | tabla_terminos_ecm | tests_eg | variable_i | variables_corto_plazo | variables_diferencia | variables_largo_plazo | variables_nivel | vcov_i | x1_i | x2_i",NA
10,"script10_seleccion_diagnosticos.R","C:/Users/andre/Desktop/TP3_Series_Tiempo/scripts/script10_seleccion_diagnosticos.R","OK","2026-06-23 18:20:57","2026-06-23 18:21:04",7.1,0,NA,104,"ajuste_i | arch_resumen | bg_i | candidatos_limpios_johansen | clave_candidata | clave_final | config_sistemas | config_sistemas_excel | config_variantes | contador_diagnosticos | contador_exclusion | contador_ic | contador_normalidad | contador_raices | contador_seleccion | contador_vcorr | contador_white | crear_clave_modelo | crear_matriz_ts | criterios_ic | datos_grafico_vcorr | datos_i | datos_sistemas | diagnosticos_i | diagnosticos_importaciones_variantes | diagnosticos_k_definitivo | diagnosticos_rezagos_johansen | ejecutar_normalidad_arch | ejecutar_varselect | ejecutar_vcorr_ordenado | ejecutar_white_auxiliar | encabezado | endogenous_i | estimar_var | exclusion_impresa | exclusion_joint | exclusion_lag_mayor | exclusion_lags | exogenous_i | funciones_no_cargadas | funciones_requeridas | grafico_raices | grafico_vcorr | insumos_johansen | insumos_johansen_final | j | lag_correlacion_objetivo | lags_arch | lista_criterios_ic | lista_diagnosticos_candidatos | lista_exclusion | lista_normalidad_arch | lista_raices | lista_seleccion_final | lista_selecciones_ic | lista_vcorr | lista_white | localizar_archivo_funcion | max_lag_var | max_raices | max_raiz_i | model_label_i | modelo_i | modelos_var_candidatos | modelos_var_finales | nivel_significancia | normalidad_arch_final | normalidad_jb | ordenar_exclusion_lags | ordenar_varselect | ordenes_johansen_definitivos | p_i | print.VAR_lag_exclusion_wald | print.VAR_white_no_cross | pt_i | raices_finales | raices_i | resumen_final_var | resumen_modelo | ruta_exclusion | ruta_vcorr | ruta_white | salida_texto_var | season_i | seleccion_final | seleccion_i | seleccion_ic_i | seleccion_ordenada | seleccionar_orden_var | selecciones_ic | tabla_control_sistemas | test_serial_seguro | tipo_i | VAR_lag_exclusion_wald | VAR_white_no_cross | variables_numericas | variant_i | vcorr_final | vcorr_res | vcorr_revision | white_final | white_resumen | x_i | y_i",NA
11,"script11_johansen_vecm.R","C:/Users/andre/Desktop/TP3_Series_Tiempo/scripts/script11_johansen_vecm.R","OK","2026-06-23 18:21:04","2026-06-23 18:21:10",5.46,0,NA,97,"ajuste_alpha | ajuste_alpha_trade | beta_i | beta_system | beta_trade_r1 | coeficientes_var_diferencias | coeficientes_vecm_system | coeficientes_vecm_trade | comparacion_engle_granger | comparacion_metodos | config_modelos | configuracion_principal | configuracion_sensibilidad | constantes_largo_plazo | contador_rangos | contador_tests | corto_plazo_acumulado | corto_plazo_var_diferencias | corto_plazo_vecm | datos_grafico_elasticidades | datos_grafico_johansen | decision_modelos_finales_tp3 | decision_rango | diagnosticar_modelo_var | diagnosticos_script10 | diagnosticos_var_diferencias | diagnosticos_vec2var | ect_i | elasticidades_johansen | elasticidades_johansen_principales | estimar_ca_jo | estimar_var_diferencias | extraer_beta | extraer_coeficientes_mlm | extraer_coeficientes_varest | extraer_elasticidades_r1 | extraer_lag_termino | extraer_raices_vec2var | extraer_test_johansen | fecha_ect | grafico_ect | grafico_johansen | hojas_excel | indice_ect | johansen_i | K_i | lags_autocorrelacion | lista_beta_system | lista_beta_trade | lista_coef_diferencias | lista_coef_system | lista_coef_trade | lista_constantes_lr | lista_diagnosticos_diferencias | lista_diagnosticos_vec2var | lista_ect | lista_elasticidades | lista_raices_vecm | lista_rangos | lista_tests_johansen | lista_vcorr_vecm | localizar_archivo | max_lag_i | model_id_i | modelos_cajorls_system | modelos_cajorls_trade_r1 | modelos_johansen_eigen | modelos_johansen_trace | modelos_var_diferencias | modelos_vec2var_system | modelos_vec2var_trade_r1 | objeto_trace_i | ordenar_vcorr | r_system_i | raices_vecm | rangos_johansen | rangos_por_test | resumen_eigen | resumen_johansen | resumen_raices_vecm | resumen_trace | resumen_vecm_r1 | resumen_vecm_system | ruta_comparacion_eg | ruta_datos_sistemas | ruta_diagnosticos_var10 | ruta_insumos_johansen | salida_i | salida_texto | seleccionar_rango | serial.test | series_ect | tabla_i | tests_johansen | tiempo_completo | tolerancia_raiz_uno | vcorr_vecm",NA
12,"script12_svar.R","C:/Users/andre/Desktop/TP3_Series_Tiempo/scripts/script12_svar.R","OK","2026-06-23 18:21:10","2026-06-23 18:21:26",16.09,0,NA,96,"agregar_etiquetas | alternativo_i | calcular_fevd_estructural | calcular_irf_estructural | calcular_matrices_ma | calcular_objetos_nativos | columnas_faltantes | columnas_requeridas | confianza_lp | config_excel | config_modelos_12 | config_variables | contador_B | contador_estado | contador_fevd | contador_irf | contador_lpirfs | contador_lpirfs_tidy | contador_nativo | controles_lp | crear_controles_lp | datos_bandas_lp | datos_comparacion_grafico | datos_endogenos_lp | datos_grafico_fevd | datos_grafico_irf | datos_grafico_lp | datos_grafico_orden | datos_sensibilidad | datos_svar_lp | decision_irf_final | estado_identificacion | estado_lpirfs | estado_objetos_nativos | etiquetas_i | etiquetas_variables | extraer_lpirfs | extraer_matriz_B | fevd_comercio | fevd_comercio_seleccionada | fevd_i | fevd_svar | grafico_comparacion | grafico_fevd | grafico_irf_principal | grafico_lp | grafico_orden | horizonte_irf | identificaciones_i | identificar_cholesky | irf_comercio | irf_comparacion | irf_i | irf_svar | lista_estado_identificacion | lista_estado_lpirfs | lista_estado_nativo | lista_fevd_svar | lista_irf_svar | lista_lpirfs_tidy | lista_matrices_B | lp_i | lpirfs_comercio | lpirfs_tidy | matrices_impacto_B | method_code_i | modelos_lpirfs | nombre_seguro | numero_nucleos | objeto_i | objeto_lp_i | objetos_fevd_nativos | objetos_irf_nativos | orden_alternativo | orden_i | orden_principal | paquetes_no_disponibles | principal_i | resumen_respuestas | resumen_svar_lp | ruta_decision_rango | ruta_modelos_vec2var | rutas_faltantes | sensibilidad_orden | shock_log | svar_cholesky_alternative | svar_cholesky_primary | texto_resumen | valor_horizonte | valor_pico | variable_actividad | variable_comercio | variables_i | y_diferencias | y_diferencias_ordenadas | y_niveles",NA
13,"script13_compilacion.R","C:/Users/andre/Desktop/TP3_Series_Tiempo/scripts/script13_compilacion.R","OK","2026-06-23 18:21:26","2026-06-23 18:21:30",3.76,0,NA,88,"ajuste_ecm_correcto | ajuste_vecm | ajustes_ecm_vecm | ajustes_principales | aplanar_para_excel | buscar_columna | catalogo_fuentes | catalogo_salidas | cointegracion_eg_resumen | cointegracion_johansen_resumen | cointegracion_vecm | columna_modelo_eg | columnas_decision_johansen | columnas_fevd_requeridas | columnas_horizonte_disponibles | columnas_irf_necesarias | columnas_irf_requeridas | columnas_johansen_requeridas | columnas_resumen_requeridas | comparacion_elasticidades_metodos | comparacion_lr_raw | comparacion_svar_lp | comparacion_svar_lp_raw | control_fevd | corto_plazo_vecm_raw | datos_grafico_ajuste | datos_grafico_lr | decision_eg_raw | decision_final_modelos | decision_irf | decision_irf_raw | decision_irf_slim | elasticidades_johansen_raw | elasticidades_largo_plazo | elasticidades_lr_johansen | elasticidades_lr_previas | estimaciones_preferidas | etiqueta_modelo | etiqueta_variable | faltantes_fevd | faltantes_irf | faltantes_johansen | faltantes_resumen | fevd | fevd_h12 | fevd_preparada | fevd_raw | grafico_ajuste | grafico_elasticidades_lr | grafico_fevd_h12 | grafico_irf_horizontes | impulse_label_fevd | irf_horizontes | irf_principales | leer_rds_opcional | leer_rds_requerido | literatura_estimaciones_propias | literatura_referencias | model_label_vecm | model_short_fevd | nombre_columna | normalizar_comparacion_lr | normalizar_model_key | normalizar_variable | primera_ruta_existente | rank_trace_vector | response_label_fevd | resultados_finales_tp3 | resumen_consistencia_metodos | resumen_irf | resumen_irf_raw | resumen_johansen_raw | ruta_ajuste_ecm_correcto | ruta_comparacion_lr | ruta_comparacion_svar_lp | ruta_corto_plazo_vecm | ruta_decision_irf | ruta_elasticidades_johansen | ruta_fevd | ruta_resumen_irf | ruta_resumen_johansen | ruta_sensibilidad_orden | rutas_decision_eg | rutas_salidas | sensibilidad_orden_raw | signo_esperado | validity_vecm | validity_vector",NA
