fecha,periodo,anio,trimestre,pib_real,importaciones_reales,exportaciones_reales,itcrm,pib_socios_indice,commodity_price_index,ln_pib_real,ln_importaciones_reales,ln_exportaciones_reales,ln_itcrm,ln_pib_socios,ln_commodity_price_index,d_ln_pib_real,d_ln_importaciones_reales,d_ln_exportaciones_reales,d_ln_itcrm,d_ln_pib_socios,d_ln_commodity_price_index,crecimiento_pib_aprox,crecimiento_importaciones_aprox,crecimiento_exportaciones_aprox,variacion_itcrm_aprox,crecimiento_pib_socios_aprox,variacion_commodities_aprox,trimestre_factor,dummy_q2,dummy_q3,dummy_q4,dummy_crisis_global,dummy_crisis_2018,dummy_covid
2004-01-01,2004 Q1,2004,1,460369.4422329487,73073.43481112685,102774.20298138498,159.01647990764744,100.00000000000004,49.420678279773334,13.039784581413727,11.199220170812348,11.540289656750701,5.069007844067138,4.605170185988092,3.9003689252694635,NA,NA,NA,NA,NA,NA,NA,NA,NA,NA,NA,NA,Q1,0,0,0,0,0,0
2004-04-01,2004 Q2,2004,2,514395.6817723617,80006.3072174586,119462.27741173614,153.01975060919855,102.18431374863998,52.83770588241,13.150748057182057,11.289860750766524,11.690755930324702,5.0305670020101845,4.626778180164009,3.9672250624059697,0.11096347576832954,0.09064057995417585,0.15046627357400055,-0.03844084205695353,0.021607994175917078,0.06685613713650618,11.096347576832954,9.064057995417585,15.046627357400055,-3.844084205695353,2.160799417591708,6.685613713650618,Q2,1,0,0,0,0,0
2004-07-01,2004 Q3,2004,3,481151.9799435081,85416.07252113911,119619.17122810414,158.47096405885068,103.38192611366027,56.42361893053333,13.083938465799479,11.355289564892374,11.692068402202235,5.065571384477896,4.638430150989768,4.032887846206149,-0.0668095913825777,0.06542881412585011,0.001312471877533028,0.03500438246771154,0.011651970825758973,0.06566278380017954,-6.680959138257769,6.542881412585011,0.1312471877533028,3.5004382467711537,1.1651970825758973,6.566278380017954,Q3,0,1,0,0,0,0
2004-10-01,2004 Q4,2004,4,484543.6768765623,88375.32157266857,120898.05016710557,163.41826581826754,104.24660625061581,59.284271416773336,13.090962854601877,11.389348041921176,11.702702908822754,5.096312962091833,4.646759306198092,4.082344033330821,0.007024388802397752,0.03405847702880216,0.010634506620519346,0.030741577613937032,0.008329155208324224,0.04945618712467148,0.7024388802397752,3.405847702880216,1.0634506620519346,3.0741577613937032,0.8329155208324224,4.945618712467148,Q4,0,0,1,0,0,0
2005-01-01,2005 Q1,2005,1,493602.53057785495,84904.77744994142,119186.92694656595,162.23892937896795,105.23838524841786,63.16151641714,13.109485878338647,11.349285642211445,11.68844835433177,5.089070121385531,4.656228112538775,4.145695198236972,0.01852302373677084,-0.04006239970973091,-0.014254554490984006,-0.0072428407063016564,0.009468806340683145,0.06335116490615089,1.8523023736770838,-4.006239970973091,-1.4254554490984006,-0.7242840706301656,0.9468806340683145,6.335116490615089,Q1,0,0,0,0,0,0
2005-04-01,2005 Q2,2005,2,581668.2498796025,97288.20329605682,138217.54798367393,159.97943319646959,106.18492083195285,66.77770114220667,13.273655546802901,11.485433020290023,11.836584157534869,5.0750452644494635,4.665182110326841,4.201369209577464,0.16416966846425396,0.13614737807857757,0.1481358032030986,-0.01402485693606792,0.008953997788065493,0.05567401134049277,16.416966846425396,13.614737807857757,14.81358032030986,-1.402485693606792,0.8953997788065493,5.567401134049277,Q2,1,0,0,0,0,0
2005-07-01,2005 Q3,2005,3,514697.78950542817,96844.89303709046,135432.69307676284,160.05559952727955,105.98164030081823,76.70246437865667,13.151335190907373,11.48086593680044,11.816230065829856,5.07552125191621,4.663265874401137,4.339933837956876,-0.12232035589552837,-0.004567083489583013,-0.020354091705012678,4.759874667463748e-4,-0.0019162359257034467,0.1385646283794113,-12.232035589552837,-0.45670834895830126,-2.035409170501268,0.04759874667463748,-0.19162359257034467,13.85646283794113,Q3,0,1,0,0,0,0
2005-10-01,2005 Q4,2005,4,522255.20005077147,99636.55792383585,129550.81848020395,163.87264588585222,107.1176378170066,76.30541079280667,13.165911636383644,11.509284423655332,11.771828503841421,5.099089576676958,4.6739276493941295,4.3347438504917655,0.014576445476270905,0.028418486854892677,-0.044401561988435034,0.023568324760748105,0.010661774992992257,-0.005189987465110235,1.4576445476270905,2.8418486854892677,-4.440156198843503,2.3568324760748105,1.0661774992992257,-0.5189987465110235,Q4,0,0,1,0,0,0
2006-01-01,2006 Q1,2006,1,532348.2120169173,96613.8916394867,125801.74305657322,166.77965187721765,108.7548336711756,78.09387090280667,13.185053088076302,11.478477815653335,11.74246247892811,5.116673491339342,4.68909611653207,4.357911576209223,0.019141451692657796,-0.030806608001997304,-0.02936602491331186,0.01758391466238418,0.015168467137940844,0.02316772571745762,1.9141451692657796,-3.0806608001997304,-2.936602491331186,1.7583914662384181,1.5168467137940844,2.316772571745762,Q1,0,0,0,0,0,0
2006-04-01,2006 Q2,2006,2,614076.3926085439,101743.8617298436,141431.39484319702,166.0246105178015,109.08108161881127,85.14130918244334,13.327874617319235,11.530213774505672,11.859570036393947,5.112136033499024,4.6920914737589126,4.44431233710165,0.14282152924293356,0.05173595885233695,0.11710755746583779,-0.0045374578403185595,0.002995357226842188,0.08640076089242665,14.282152924293356,5.173595885233695,11.710755746583779,-0.45374578403185595,0.2995357226842188,8.640076089242665,Q2,1,0,0,0,0,0
2006-07-01,2006 Q3,2006,3,562978.9656268766,109844.576627056,139275.06000824485,165.9540555958801,110.42593888982282,85.57114051235332,13.240997545192753,11.60682170587988,11.84420610575049,5.111710976528889,4.704345059957857,4.449348082754759,-0.08687707212648199,0.07660793137420896,-0.015363930643456314,-4.2505697013428545e-4,0.012253586198944788,0.00503574565310938,-8.6877072126482,7.660793137420896,-1.5363930643456314,-0.042505697013428545,1.2253586198944788,0.503574565310938,Q3,0,1,0,0,0,0
2006-10-01,2006 Q4,2006,4,572794.0466305884,112095.47619426234,144930.84608108603,163.56105535497915,111.62107720385997,79.81875693189,13.258281501122376,11.627106253154636,11.884011984059772,5.097186347878285,4.715109895948553,4.379758526107815,0.017283955929622508,0.020284547274755482,0.03980587830928073,-0.014524628650604221,0.010764835990695332,-0.06958955664694422,1.7283955929622508,2.0284547274755482,3.980587830928073,-1.452462865060422,1.0764835990695332,-6.958955664694422,Q4,0,0,1,0,0,0
2007-01-01,2007 Q1,2007,1,576846.8856994272,112275.54046719316,129994.2930727219,163.24253183080532,113.19040327755411,79.86404637875667,13.265332147536022,11.628711311724741,11.77524582903351,5.09523702028504,4.729071385475283,4.3803257687556405,0.0070506464136457225,0.0016050585701048448,-0.1087661550262613,-0.0019493275932447318,0.013961489526730375,5.672426478255943e-4,0.7050646413645723,0.16050585701048448,-10.87661550262613,-0.19493275932447318,1.3961489526730375,0.05672426478255943,Q1,0,0,0,0,0,0
2007-04-01,2007 Q2,2007,2,674620.5630064849,117677.32624788815,151852.51450331474,161.94424944308818,114.74794650859424,89.78584634876,13.421905682921713,11.675701634486002,11.930665029463002,5.08725213676269,4.74273795343059,4.497427349843151,0.1565735353856912,0.04699032276126047,0.15541920042949187,-0.00798488352234994,0.013666567955306519,0.11710158108751045,15.657353538569119,4.699032276126047,15.541920042949187,-0.7984883522349939,1.366656795530652,11.710158108751045,Q2,1,0,0,0,0,0
2007-07-01,2007 Q3,2007,3,610425.6940148536,136188.56334207152,153959.99205222024,157.58525044375656,115.78925991749055,94.1764239738,13.321911851799845,11.821795699583591,11.944448055775313,5.059966584489253,4.751771814011136,4.545169873971357,-0.09999383112186777,0.14609406509758927,0.013783026312310653,-0.027285552273437652,0.009033860580546005,0.04774252412820612,-9.999383112186777,14.609406509758927,1.3783026312310653,-2.728555227343765,0.9033860580546005,4.774252412820612,Q3,0,1,0,0,0,0
2007-10-01,2007 Q4,2007,4,625876.8678635969,136704.0597547481,160654.2198809369,158.8753428463374,117.23479388023706,107.73057935716,13.346908934031383,11.82557372055012,11.987009631742977,5.068119887470075,4.764178709195157,4.6796334747544455,0.02499708223153796,0.0037780209665285724,0.042561575967663856,0.008153302980821842,0.012406895184021494,0.1344636007830884,2.499708223153796,0.37780209665285724,4.256157596766386,0.8153302980821842,1.2406895184021494,13.446360078308839,Q4,0,0,1,0,0,0
2008-01-01,2008 Q1,2008,1,616720.3570644783,138615.196997182,138205.65471421785,159.28439423151988,118.14145553637594,120.34374440772001,13.33217097010638,11.839457006171523,11.836498106368778,5.070691247468816,4.7718826822397595,4.790352184545963,-0.014737963925002262,0.01388328562140373,-0.1505115253741991,0.0025713599987415847,0.0077039730446024635,0.11071870979151743,-1.4737963925002262,1.388328562140373,-15.05115253741991,0.25713599987415847,0.7703973044602463,11.071870979151743,Q1,0,0,0,0,0,0
2008-04-01,2008 Q2,2008,2,711405.5004552329,147043.53953203355,147769.55715328988,152.77978975297697,120.04330102357173,145.87198351953333,13.4749978703407,11.898484009198821,11.903409293028398,5.028997601969951,4.787852519557376,4.982729411863581,0.14282690023431854,0.05902700302729791,0.06691118665962037,-0.04169364549886545,0.015969837317616253,0.19237722731761853,14.282690023431854,5.902700302729791,6.691118665962037,-4.169364549886545,1.5969837317616253,19.237722731761853,Q2,1,0,0,0,0,0
2008-07-01,2008 Q3,2008,3,647087.9597424942,153056.79563738545,169221.27116816866,142.70976281352287,121.24377064532459,138.39773156733668,13.380237514385612,11.938564344808201,12.038962434376579,4.960812937093701,4.79780315237676,4.930131652639828,-0.0947603559550867,0.04008033560937996,0.13555314134818097,-0.06818466487624963,0.009950632819384353,-0.05259775922375365,-9.47603559550867,4.008033560937996,13.555314134818097,-6.818466487624963,0.9950632819384353,-5.259775922375365,Q3,0,1,0,1,0,0
2008-10-01,2008 Q4,2008,4,613490.821702641,132326.80332668536,145677.599528055,128.30700795266304,117.22547917758483,80.92549279066,13.3269205824713,11.793029924645309,11.88915123656155,4.854425891740664,4.764099252641297,4.393528889267477,-0.05331693191431164,-0.14553442016289253,-0.14981119781502805,-0.10638704535303667,-0.03370389973546306,-0.5366027633723505,-5.331693191431164,-14.553442016289253,-14.981119781502805,-10.638704535303667,-3.370389973546306,-53.66027633723505,Q4,0,0,1,1,0,0
2009-01-01,2009 Q1,2009,1,578553.0442424045,108884.58517996111,127658.2065877633,132.84412450399967,115.64902718871882,68.31159850828,13.268285514139063,11.598043748671946,11.757111710362343,4.889176444686586,4.75055997695784,4.2240795692645765,-0.058635068332238305,-0.1949861759733622,-0.13203952619920756,0.034750552945921775,-0.013539275683457141,-0.1694493200029008,-5.8635068332238305,-19.49861759733622,-13.203952619920756,3.4750552945921775,-1.3539275683457141,-16.94493200029008,Q1,0,0,0,1,0,0
2009-04-01,2009 Q2,2009,2,631197.7518600689,104729.45493210446,147851.62921163163,142.65983117661054,117.09429828519079,77.68820884783,13.355374486815553,11.559135684247819,11.903964544574876,4.960462993452378,4.76297957842925,4.352703493577879,0.08708897267649007,-0.03890806442412753,0.1468528342125328,0.07128654876579166,0.012419601471409969,0.1286239243133025,8.708897267649007,-3.890806442412753,14.685283421253281,7.128654876579166,1.241960147140997,12.86239243133025,Q2,1,0,0,1,0,0
2009-07-01,2009 Q3,2009,3,610519.8546117273,123133.6440304645,131625.13245280623,150.66445260171682,119.15192234729136,84.71501865488,13.322066093890603,11.72102558133368,11.787713255724896,5.015055195934798,4.780399337256745,4.439292901817565,-0.03330839292494936,0.161889897085862,-0.11625128884998048,0.05459220248242058,0.017419758827495357,0.08658940823968564,-3.330839292494936,16.1889897085862,-11.625128884998048,5.459220248242058,1.7419758827495357,8.658940823968564,Q3,0,1,0,0,0,0
2009-10-01,2009 Q4,2009,4,615220.8549372972,129128.9859125566,137574.77413312762,149.4187174891864,121.70884538094344,92.79516729525334,13.329736596041938,11.768567074580995,11.831922860153961,5.00675254925012,4.801631679200628,4.530394561876354,0.0076705021513348015,0.04754149324731394,0.04420960442906541,-0.008302646684678727,0.02123234194388246,0.09110166005878906,0.7670502151334802,4.754149324731394,4.420960442906541,-0.8302646684678727,2.123234194388246,9.110166005878906,Q4,0,0,1,0,0,0
2010-01-01,2010 Q1,2010,1,611607.33658973,131091.92974987472,124821.26202219723,137.01413178786902,123.66319744777182,96.85576520361,13.32384574869716,11.78365410988505,11.73463808917396,4.92008407224462,4.817561720562856,4.573222915222378,-0.005890847344778294,0.015087035304055973,-0.09728477098000177,-0.08666847700549951,0.01593004136222831,0.04282835334602453,-0.5890847344778294,1.5087035304055973,-9.728477098000177,-8.666847700549951,1.5930041362228309,4.282835334602453,Q1,0,0,0,0,0,0
2010-04-01,2010 Q2,2010,2,733730.7739689033,151260.05259704147,175584.32821404992,129.13275029727657,125.12792564676595,96.96107485969667,13.505897447353764,11.926755837136005,12.075874709127788,4.860840947301898,4.82933661915437,4.5743096078587415,0.1820516986566041,0.14310172725095427,0.34123661995382903,-0.059243124942722325,0.011774898591514038,0.0010866926363632956,18.20516986566041,14.310172725095427,34.1236619953829,-5.9243124942722325,1.1774898591514038,0.10866926363632956,Q2,1,0,0,0,0,0
2010-07-01,2010 Q3,2010,3,668566.5094889859,171903.47870439343,168049.6179071699,128.1246572203723,126.18594723822157,96.95839197626333,13.412891161209505,12.054688427957299,12.032014559465274,4.853003674535902,4.837756590802471,4.574281937780257,-0.09300628614425932,0.1279325908212936,-0.04386014966251395,-0.007837272765995884,0.0084199716481006,-2.7670078484476335e-5,-9.300628614425932,12.79325908212936,-4.386014966251395,-0.7837272765995884,0.8419971648100599,-0.0027670078484476335,Q3,0,1,0,0,0,0
2010-10-01,2010 Q4,2010,4,668190.0977195739,175630.37609457492,151952.376643681,126.67676725628871,127.66352788344614,109.22476796043334,13.41232798945882,12.076136929816295,11.931322439181363,4.841638702370154,4.84939811444095,4.693407850417146,-5.631717506844325e-4,0.021448501858996494,-0.10069212028391128,-0.011364972165748277,0.011641523638479256,0.1191259126368891,-0.05631717506844325,2.1448501858996494,-10.069212028391128,-1.1364972165748277,1.1641523638479256,11.91259126368891,Q4,0,0,1,0,0,0
2011-01-01,2011 Q1,2011,1,662325.5859726951,171680.48522975415,138279.54794538196,125.84497705836108,128.7914891508722,127.40752283053332,13.403512535725508,12.0533903842221,11.837032624905122,4.8350508086541915,4.858194733465826,4.84739079030003,-0.008815453733312495,-0.02274654559419531,-0.09428981427624095,-0.006587893715962245,0.008796619024876051,0.15398293988288358,-0.8815453733312495,-2.274654559419531,-9.428981427624095,-0.6587893715962245,0.8796619024876051,15.398293988288358,Q1,0,0,0,0,0,0
2011-04-01,2011 Q2,2011,2,766332.9545716126,185834.800630491,170971.27052045267,126.44972622393989,129.9676347002923,135.69590412324334,13.549372020825167,12.132613389386588,12.049250812717439,4.839844808020233,4.8672854556150345,4.910416383063583,0.14585948509965974,0.07922300516448821,0.21221818781231683,0.004793999366041746,0.009090722149208474,0.06302559276355346,14.585948509965974,7.922300516448821,21.221818781231683,0.47939993660417457,0.9090722149208474,6.302559276355346,Q2,1,0,0,0,0,0
2011-07-01,2011 Q3,2011,3,711417.3919301049,212358.1719142757,172841.45085261774,121.97360435430066,129.74859021637337,132.1280114855,13.475014585667584,12.266029618232771,12.060129984205371,4.803804663572908,4.865598656602564,4.883771236630746,-0.07435743515758375,0.13341622884618332,0.010879171487932382,-0.03604014444732506,-0.0016867990124707077,-0.026645146432836775,-7.435743515758375,13.341622884618332,1.0879171487932382,-3.604014444732506,-0.16867990124707077,-2.6645146432836775,Q3,0,1,0,0,0,0
2011-10-01,2011 Q4,2011,4,703050.4564079925,198767.51540656987,164054.87715450366,112.52451640893264,131.02844805712024,125.03358844213334,13.463183941201587,12.199891156465346,12.007956267630375,4.723171121537526,4.875414460366547,4.828582408743964,-0.011830644465996798,-0.06613846176742477,-0.052173716574996476,-0.08063354203538253,0.009815803763983055,-0.05518882788678248,-1.1830644465996798,-6.613846176742477,-5.217371657499648,-8.063354203538253,0.9815803763983055,-5.518882788678248,Q4,0,0,1,0,0,0
2012-01-01,2012 Q1,2012,1,672685.9936305042,175963.63222419753,145984.1028063894,111.52249009795474,129.99544440796174,131.42297761537665,13.419033922673854,12.07803261757853,11.89125300987434,4.714226275474864,4.867499406825883,4.878420958459867,-0.04415001852773237,-0.12185853888681564,-0.11670325775603452,-0.008944846062661327,-0.007915053540664019,0.04983854971590329,-4.415001852773237,-12.185853888681564,-11.670325775603452,-0.8944846062661327,-0.7915053540664019,4.983854971590329,Q1,0,0,0,0,0,0
2012-04-01,2012 Q2,2012,2,730838.2725927759,168790.03309891451,155692.76464038188,103.257584791302,131.82971152731503,123.24908882980667,13.501947472931292,12.036410813778188,11.955639886866814,4.637226689591501,4.881511025550197,4.814207420033863,0.08291355025743741,-0.04162180380034286,0.06438687699247403,-0.07699958588336298,0.014011618724314445,-0.06421353842600386,8.29135502574374,-4.162180380034286,6.438687699247403,-7.6999585883362975,1.4011618724314445,-6.421353842600386,Q2,1,0,0,0,0,0
2012-07-01,2012 Q3,2012,3,703461.6525301962,194333.56638199877,164111.32295096805,100.68640939862051,133.5057644834285,124.57665091101667,13.463768644498922,12.177331375885064,12.008300275008361,4.612010829331622,4.89414465655924,4.824921196425767,-0.03817882843237008,0.1409205621068761,0.05266038814154683,-0.02521586025987954,0.012633631009042467,0.010713776391903629,-3.817882843237008,14.092056210687609,5.266038814154683,-2.521586025987954,1.2633631009042467,1.0713776391903629,Q3,0,1,0,0,0,0
2012-10-01,2012 Q4,2012,4,706958.0390823188,193210.37317505115,153813.21961273107,101.28646579461183,133.56687188603092,124.77757746632666,13.468726592455889,12.171534890701476,11.943494285628642,4.617952797142212,4.894602265429242,4.826532772055379,0.004957947956967246,-0.005796485183587663,-0.06480598937971926,0.0059419678105898655,4.576088700023462e-4,0.0016115756296120054,0.4957947956967246,-0.5796485183587663,-6.480598937971926,0.5941967810589865,0.04576088700023462,0.16115756296120054,Q4,0,0,1,0,0,0
2013-01-01,2013 Q1,2013,1,677085.5291731509,176602.613153124,131767.05473088424,102.87197275489662,134.45640931667893,126.59558237524666,13.425552879473315,12.08165736405908,11.788790905698727,4.633485232123409,4.901240052212201,4.840997614750911,-0.043173712982573775,-0.08987752664239679,-0.15470337992991468,0.015532434981197163,0.006637786782959232,0.014464842695532276,-4.3173712982573775,-8.987752664239679,-15.470337992991468,1.5532434981197163,0.6637786782959232,1.4464842695532276,Q1,0,0,0,0,0,0
2013-04-01,2013 Q2,2013,2,776486.60279942,190652.1070945469,168720.23462672776,100.8610373237707,135.88446370167543,117.94242023755,13.56253466810513,12.158205617385908,12.035997205779521,4.613743701384217,4.91180499307425,4.770196541283886,0.13698178863181454,0.07654825332682869,0.24720630008079425,-0.019741530739191937,0.010564940862048289,-0.07080107346702569,13.698178863181454,7.654825332682869,24.720630008079425,-1.9741530739191937,1.0564940862048289,-7.080107346702569,Q2,1,0,0,0,0,0
2013-07-01,2013 Q3,2013,3,721458.9442161823,202951.05150852748,159733.6322501896,97.67574741141982,136.6692784189809,121.08771190784333,13.48903075220373,12.220720103374722,11.981262908462783,4.581653292935608,4.91756398123043,4.796515174789938,-0.07350391590139971,0.06251448598881382,-0.05473429731673818,-0.03209040844860844,0.005758988156180145,0.02631863350605279,-7.350391590139971,6.251448598881382,-5.473429731673818,-3.2090408448608443,0.5758988156180145,2.631863350605279,Q3,0,1,0,0,0,0
2013-10-01,2013 Q4,2013,4,706597.3450225069,190526.07736575845,137569.02973944266,100.0569830049666,137.17026515002536,120.78779606454,13.468216256502028,12.15754435323954,11.831881104580294,4.605739853746264,4.921222965491475,4.794035254441455,-0.020814495701701574,-0.06317575013518173,-0.14938180388248945,0.0240865608106553,0.003658984261045717,-0.002479920348483766,-2.0814495701701574,-6.317575013518173,-14.938180388248945,2.40865608106553,0.3658984261045717,-0.24799203484837662,Q4,0,0,1,0,0,0
2014-01-01,2014 Q1,2014,1,671066.0466350627,174142.8791751422,119113.81889969678,111.60973802674842,137.8580107983568,120.8032223691,13.416622841266465,12.067631385926541,11.68783477631796,4.715008304444623,4.926224248210483,4.7941629603858305,-0.05159341523556371,-0.08991296731299947,-0.1440463282623341,0.10926845069835966,0.0050012827190073494,1.2770594437583327e-4,-5.159341523556371,-8.991296731299947,-14.40463282623341,10.926845069835966,0.5001282719007349,0.012770594437583327,Q1,0,0,0,0,0,0
2014-04-01,2014 Q2,2014,2,760576.8683480041,169554.60524510767,152688.83294255967,109.951900046997,136.91107778663806,121.39264245558667,13.541832461639395,12.040930308760307,11.936157357835489,4.700042997860978,4.919331647841967,4.799030270986376,0.12520962037292982,-0.02670107716623349,0.24832258151752917,-0.014965306583645699,-0.006892600368515467,0.004867310600545238,12.520962037292982,-2.670107716623349,24.832258151752917,-1.4965306583645699,-0.6892600368515467,0.4867310600545238,Q2,1,0,0,0,0,0
2014-07-01,2014 Q3,2014,3,690879.7982516834,173099.24330165773,147198.696369442,105.11638891535725,137.33147526611157,113.87474015606,13.445721134292098,12.061620369702739,11.899538629051841,4.655068202123399,4.922397530974198,4.7350990737427,-0.09611132734729644,0.020690060942431643,-0.03661872878364747,-0.04497479573757879,0.0030658831322307734,-0.0639311972436758,-9.611132734729644,2.0690060942431643,-3.661872878364747,-4.497479573757879,0.30658831322307734,-6.39311972436758,Q3,0,1,0,0,0,0
2014-10-01,2014 Q4,2014,4,686701.4706187105,156603.14371840068,137067.84127832402,96.00269063873141,138.04339731500113,93.79450612645999,13.439654936180249,11.961470137167488,11.828231274055842,4.5643762185618595,4.927568109017951,4.541106284216501,-0.006066198111849275,-0.1001502325352508,-0.07130735499599972,-0.0906919835615394,0.0051705780437529825,-0.1939927895261988,-0.6066198111849275,-10.01502325352508,-7.130735499599972,-9.06919835615394,0.5170578043752982,-19.39927895261988,Q4,0,0,1,0,0,0
2015-01-01,2015 Q1,2015,1,672749.8113916992,160419.64644001034,116284.29138088347,88.15031676192419,137.63343091267132,74.95356385621334,13.419128788234895,11.985548450953958,11.663793259572172,4.479043502279557,4.9245938532041,4.316868773200851,-0.020526147945354012,0.024078313786469963,-0.1644380144836699,-0.0853327162823021,-0.0029742558138510233,-0.22423751101564982,-2.052614794535401,2.4078313786469963,-16.44380144836699,-8.53327162823021,-0.29742558138510233,-22.42375110156498,Q1,0,0,0,0,0,0
2015-04-01,2015 Q2,2015,2,791235.9655416702,174021.01747036108,149591.7080612978,84.59135472105598,135.55174818689798,78.94854771313,13.58135151521108,12.06693136096168,11.915664915588618,4.437832071331978,4.909353472850797,4.368796345511941,0.16222272697618578,0.08138291000772213,0.251871656016446,-0.04121143094757951,-0.015240380353302996,0.05192757231109013,16.22227269761858,8.138291000772213,25.1871656016446,-4.121143094757951,-1.5240380353302996,5.192757231109013,Q2,1,0,0,0,0,0
2015-07-01,2015 Q3,2015,3,718281.2654497817,192990.26576942843,147404.70503841515,79.29732919416644,134.11640968277231,68.84645231621667,13.484616505932115,12.170395030187231,11.900937178434278,4.373204448302711,4.898708151800205,4.231878696123269,-0.09673500927896583,0.10346366922555106,-0.014727737154339948,-0.06462762302926706,-0.010645321050591683,-0.13691764938867212,-9.673500927896583,10.346366922555106,-1.4727737154339948,-6.462762302926706,-1.0645321050591683,-13.691764938867212,Q3,0,1,0,0,0,0
2015-10-01,2015 Q4,2015,4,703681.544169008,177694.9568914407,127344.36995735197,78.91481958960355,133.45376607139363,62.027853804340005,13.464081180765476,12.087823633838173,11.754650270222275,4.368369037712596,4.893755096294548,4.127583539069029,-0.02053532516663914,-0.08257139634905819,-0.1462869082120033,-0.004835410590114719,-0.004953055505657389,-0.1042951570542403,-2.053532516663914,-8.257139634905819,-14.62869082120033,-0.48354105901147193,-0.4953055505657389,-10.42951570542403,Q4,0,0,1,0,0,0
2016-01-01,2016 Q1,2016,1,677652.0891157027,179480.42369351548,133430.07456094024,100.4461532068811,132.31290746990615,54.377673656026666,13.426389292322465,12.097821420759718,11.80133283353823,4.609621794926664,4.885169628492845,3.9959536588855573,-0.03769188844301041,0.009997786921545071,0.046682563315956216,0.2412527572140677,-0.008585467801703217,-0.13162988018347166,-3.7691888443010413,0.9997786921545071,4.668256331595622,24.12527572140677,-0.8585467801703217,-13.162988018347166,Q1,0,0,0,0,0,0
2016-04-01,2016 Q2,2016,2,760703.2801516564,187899.66185803572,148260.210877463,92.58417675697508,132.69987272005127,64.41065527324668,13.541998652993522,12.143663385815241,11.9067241905587,4.528118249696455,4.888089982182097,4.165279073977732,0.11560936067105665,0.04584196505552285,0.1053913570204692,-0.08150354523020908,0.002920353689252586,0.16932541509217502,11.560936067105665,4.584196505552285,10.53913570204692,-8.150354523020908,0.2920353689252586,16.9325415092175,Q2,1,0,0,0,0,0
2016-07-01,2016 Q3,2016,3,694382.4757762305,193030.1033736731,146914.03159839427,92.81070122474145,132.45345391235426,65.58718781934334,13.450778205512467,12.17060143175342,11.897602875628964,4.530561948065683,4.886231292481544,4.1833803692430624,-0.09122044748105473,0.026938045938178945,-0.009121314929736002,0.002443698369228642,-0.001858689700553029,0.01810129526533011,-9.122044748105473,2.6938045938178945,-0.9121314929736002,0.24436983692286418,-0.1858689700553029,1.8101295265330108,Q3,0,1,0,0,0,0
2016-10-01,2016 Q4,2016,4,693173.5493470578,185783.37864128867,140767.70716094368,90.23323667222243,132.57341765917087,70.39556879289,13.449035678777427,12.132336643024871,11.854866343850645,4.502397836716505,4.887136587512938,4.254130317900173,-0.0017425267350397178,-0.03826478872854899,-0.04273653177831882,-0.028164111349178178,9.052950313934716e-4,0.07074994865711037,-0.17425267350397178,-3.8264788728548993,-4.273653177831882,-2.816411134917818,0.09052950313934716,7.074994865711037,Q4,0,0,1,0,0,0
2017-01-01,2017 Q1,2017,1,681444.7661102224,194211.6667513001,134667.57440605693,88.60086092042903,133.7191961962702,73.87799125507,13.43197047930701,12.176703908994194,11.810564608891497,4.484141574498691,4.895742050438035,4.302414965668902,-0.017065199470417625,0.04436726596932239,-0.044301734959148575,-0.018256262217813735,0.008605462925097562,0.048284647768729094,-1.7065199470417625,4.436726596932239,-4.4301734959148575,-1.8256262217813735,0.8605462925097562,4.828464776872909,Q1,0,0,0,0,0,0
2017-04-01,2017 Q2,2017,2,778401.6764493167,211208.75068866156,150287.5619987416,84.28033121991413,134.72932926101504,70.07398208909666,13.56499796356348,12.260602263140864,11.920305817817333,4.434148518922501,4.903267797361651,4.249551570924608,0.13302748425646982,0.08389835414667068,0.10974120892583628,-0.04999305557619049,0.007525746923615628,-0.05286339474429358,13.302748425646982,8.389835414667068,10.974120892583628,-4.999305557619049,0.7525746923615628,-5.286339474429358,Q2,1,0,0,0,0,0
2017-07-01,2017 Q3,2017,3,721120.4268527941,229079.80670323674,153867.07257565853,91.41784054722537,135.26390293077498,72.28790278676999,13.488561429854622,12.341825722711544,11.943844343561144,4.5154406513954,4.907227706756187,4.280656795480157,-0.07643653370885772,0.08122345957067978,0.023538525743811434,0.08129213247289879,0.003959909394535721,0.03110522455554854,-7.643653370885772,8.122345957067978,2.3538525743811434,8.12921324728988,0.3959909394535721,3.110522455554854,Q3,0,1,0,0,0,0
2017-10-01,2017 Q4,2017,4,724592.9216389629,227978.62402592791,145441.11931488177,87.86449389920023,136.22512868018322,79.91544004737666,13.4933652887492,12.337007149269125,11.88752660544111,4.475795785648433,4.914308875083751,4.3809690762482605,0.004803858894577573,-0.004818573442419094,-0.05631773812003438,-0.03964486574696657,0.007081168327564669,0.10031228076810361,0.4803858894577573,-0.4818573442419094,-5.631773812003438,-3.9644865746966573,0.7081168327564669,10.031228076810361,Q4,0,0,1,0,0,0
2018-01-01,2018 Q1,2018,1,707324.2680572141,225441.6687326833,144939.93221966934,94.9231091472028,137.1191378901756,85.26146271861333,13.469244493275594,12.32581672921957,11.884074675019098,4.553067186479943,4.920850167564358,4.44572256716707,-0.024120795473605128,-0.011190420049555172,-0.0034519304220115288,0.07727140083150985,0.006541292480606309,0.06475349091880922,-2.4120795473605128,-1.1190420049555172,-0.3451930422011529,7.727140083150985,0.6541292480606309,6.475349091880922,Q1,0,0,0,0,0,0
2018-04-01,2018 Q2,2018,2,747428.2999545746,220135.48182057161,137726.1206501707,100.92949860144779,137.2333257460292,91.13117653729,13.52439365985317,12.301998462248342,11.833022359175997,4.614422239453308,4.92168258482013,4.512299968962279,0.05514916657757496,-0.023818266971227686,-0.051052315843101326,0.061355052973365076,8.324172557720999e-4,0.06657740179520921,5.514916657757496,-2.3818266971227686,-5.105231584310133,6.135505297336508,0.08324172557720999,6.657740179520921,Q2,1,0,0,0,1,0
2018-07-01,2018 Q3,2018,3,696101.5835218076,206728.92891598196,144474.37418546676,119.62673667113573,138.41814575778082,90.63714098687333,13.453250882002335,12.239163691929088,11.880857429530753,4.784376367294787,4.930279145555902,4.506864073712052,-0.07114277785083445,-0.06283477031925422,0.04783507035475587,0.16995412784147934,0.008596560735772307,-0.005435895250227141,-7.114277785083445,-6.283477031925422,4.783507035475587,16.995412784147934,0.8596560735772307,-0.5435895250227141,Q3,0,1,0,0,1,0
2018-10-01,2018 Q4,2018,4,678655.6203844536,171694.68040516032,160897.22038331695,121.52981190541574,138.21460893842786,84.82029610029333,13.427869091404709,12.053473064490419,11.988521057401277,4.80015959816009,4.928807614418494,4.440534854965762,-0.02538179059762591,-0.18569062743866915,0.10766362787052408,0.015783230865302755,-0.0014715311374082773,-0.06632921874629005,-2.538179059762591,-18.569062743866915,10.766362787052408,1.5783230865302755,-0.14715311374082773,-6.632921874629005,Q4,0,0,1,0,1,0
2019-01-01,2019 Q1,2019,1,665848.7152997089,168867.28177685314,145979.48694396392,117.51000612667666,138.76957939316983,80.31423779745667,13.40881776951446,12.036868370454043,11.891221390435561,4.76652348848334,4.932814855414644,4.385946912800428,-0.01905132189024883,-0.01660469403637599,-0.09729966696571601,-0.033636109676749903,0.004007240996149797,-0.054587942165333914,-1.905132189024883,-1.6604694036375989,-9.729966696571601,-3.3636109676749903,0.4007240996149797,-5.458794216533391,Q1,0,0,0,0,1,0
2019-04-01,2019 Q2,2019,2,751784.4607771325,171113.94006205906,159369.0737788398,118.0166728094676,139.66132437818916,82.42124893009,13.530204940541235,12.050084929747142,11.97897801007071,4.770825909479955,4.939220380246972,4.411843279036459,0.12138717102677532,0.01321655929309884,0.08775661963514914,0.004302420996614487,0.006405524832328702,0.0258963662360312,12.138717102677532,1.321655929309884,8.775661963514914,0.43024209966144866,0.6405524832328702,2.58963662360312,Q2,1,0,0,0,1,0
2019-07-01,2019 Q3,2019,3,683900.8985525784,176396.74291737535,166474.0916804299,122.56413731927104,140.15070864767858,76.59638222425001,13.43556830095077,12.080490958197148,12.022594970771896,4.808634462923089,4.942718333949627,4.338549846182767,-0.09463663959046542,0.030406028450006062,0.04361696070118626,0.03780855344313405,0.0034979537026549323,-0.07329343285369205,-9.463663959046542,3.040602845000606,4.361696070118626,3.780855344313405,0.34979537026549323,-7.329343285369205,Q3,0,1,0,0,1,0
2019-10-01,2019 Q4,2019,4,671361.13972242,153557.48180457175,173554.69540591474,126.6782508469827,141.303240941793,78.04469287092,13.417062482380873,11.941830250208273,12.064248075985402,4.841650413925781,4.950908226028949,4.35728164812068,-0.018505818569897414,-0.13866070798887442,0.041653105213505626,0.03301595100269239,0.008189892079322192,0.01873180193791324,-1.8505818569897414,-13.866070798887442,4.165310521350563,3.301595100269239,0.8189892079322192,1.873180193791324,Q4,0,0,1,0,1,0
2020-01-01,2020 Q1,2020,1,632389.35353461,147946.8652804679,139323.35480735445,117.96600358057067,138.471973590462,68.09163375543666,13.357260549157733,11.90460846990851,11.844552804059061,4.770396477705973,4.930667948402937,4.220854353265426,-0.05980193322313987,-0.037221780299763196,-0.21969527192634075,-0.07125393621980791,-0.020240277626012215,-0.1364272948552543,-5.980193322313987,-3.7221780299763196,-21.969527192634075,-7.125393621980791,-2.0240277626012215,-13.642729485525429,Q1,0,0,0,0,0,1
2020-04-01,2020 Q2,2020,2,609379.9894648013,118831.91607431167,136593.32836722894,113.21443479558648,126.5718165827247,52.19675233142333,13.320197308540402,11.685465303653878,11.824763384276222,4.729283673501698,4.84080986709707,3.955020277079989,-0.03706324061733035,-0.21914316625463215,-0.01978941978283899,-0.041112804204275655,-0.08985808130586737,-0.265834076185437,-3.706324061733035,-21.914316625463215,-1.978941978283899,-4.1112804204275655,-8.985808130586737,-26.583407618543696,Q2,1,0,0,0,0,1
2020-07-01,2020 Q3,2020,3,614192.4784042229,136935.27553956184,136347.82248110077,118.78197430605286,136.5381714121488,63.14784121161333,13.328063640746866,11.827263651857633,11.822964418077277,4.777289663985635,4.916604219576953,4.145478663122918,0.007866332206463156,0.14179834820375525,-0.0017989661989457062,0.04800599048393739,0.07579435247988275,0.1904583860429292,0.7866332206463156,14.179834820375525,-0.17989661989457062,4.800599048393739,7.579435247988275,19.045838604292918,Q3,0,1,0,0,0,1
2020-10-01,2020 Q4,2020,4,642403.3231979503,150921.0025940372,120573.80620850835,120.28744341362085,140.69755374769593,68.82390291089,13.37297161469899,11.924511817271375,11.700017344067163,4.7898842402563115,4.946612577669953,4.231551110631227,0.044907973952124536,0.09724816541374182,-0.12294707401011351,0.012594576270676505,0.030008358093000176,0.08607244750830922,4.490797395212454,9.724816541374182,-12.294707401011351,1.2594576270676505,3.0008358093000176,8.607244750830922,Q4,0,0,1,0,0,1
2021-01-01,2021 Q1,2021,1,652831.9767063216,147517.11225906957,125271.19242964438,121.34966580399175,142.1554275066378,85.92560660318334,13.389075065357487,11.901699463348482,11.738236205669315,4.798676178184407,4.956921018913225,4.453481882393065,0.0161034506584965,-0.022812353922892825,0.03821886160215193,0.008791937928095628,0.010308441243272348,0.22193077176183795,1.6103450658496499,-2.2812353922892825,3.8218861602151932,0.8791937928095628,1.0308441243272348,22.193077176183795,Q1,0,0,0,0,0,0
2021-04-01,2021 Q2,2021,2,723516.6224906748,163057.52331432875,146242.5639765279,116.98878756330764,142.14336125061558,95.63818542888333,13.491878799897803,12.0018583213019,11.893021919196535,4.762078097413259,4.9568361345837335,4.56057216947918,0.10280373454031633,0.10015885795341717,0.15478571352721993,-0.03659808077114857,-8.488432949160796e-5,0.10709028708611434,10.280373454031633,10.015885795341717,15.478571352721993,-3.6598080771148567,-0.008488432949160796,10.709028708611434,Q2,1,0,0,0,0,0
2021-07-01,2021 Q3,2021,3,686756.4678266742,164904.01955605674,161505.1882138258,111.93286387330615,142.61534878786367,105.02549576107,13.439735021935267,12.013118883969568,11.992292546291855,4.71789926186266,4.960151137446448,4.654203137454398,-0.05214377796253622,0.01126056266766895,0.09927062709532031,-0.04417883555059898,0.0033150028627142447,0.0936309679752183,-5.214377796253622,1.126056266766895,9.92706270953203,-4.417883555059898,0.33150028627142447,9.36309679752183,Q3,0,1,0,0,0,0
2021-10-01,2021 Q4,2021,4,696134.669112115,182089.20202110664,144860.42838246087,103.76644074349484,144.66375199229017,117.00361524598334,13.453298410703374,12.11225196698396,11.883525994961987,4.642142611554097,4.9744120977106,4.762204833858695,0.013563388768107032,0.09913308301439194,-0.10876655132986812,-0.07575665030856271,0.014260960264151912,0.10800169640429669,1.3563388768107032,9.913308301439194,-10.876655132986812,-7.575665030856271,1.4260960264151912,10.800169640429669,Q4,0,0,1,0,0,0
2022-01-01,2022 Q1,2022,1,697625.2846663581,182574.74792954678,135342.64275390125,101.88547272358794,145.29806078934703,136.78651911557665,13.455437396141335,12.114914945846781,11.815564936371848,4.623849366018236,4.978787224233542,4.918421455855845,0.002138985437960983,0.002662978862820964,-0.06796105859013934,-0.01829324553586087,0.004375126522941919,0.15621662199715036,0.2138985437960983,0.2662978862820964,-6.7961058590139345,-1.829324553586087,0.4375126522941919,15.621662199715036,Q1,0,0,0,0,0,0
2022-04-01,2022 Q2,2022,2,782338.628533735,204565.3148449806,157619.70172501824,97.54341197957987,146.549630112938,153.19807245803,13.570042954613045,12.22864259146652,11.967940459538246,4.5802975299815705,4.987364143188776,5.031731675360693,0.11460555847171072,0.1137276456197398,0.15237552316639835,-0.04355183603666557,0.00857691895523427,0.11331021950484832,11.460555847171072,11.37276456197398,15.237552316639835,-4.355183603666557,0.857691895523427,11.331021950484832,Q2,1,0,0,0,0,0
2022-07-01,2022 Q3,2022,3,732662.1638755013,201300.628969762,157115.54840991047,90.96048197691148,147.9219702950336,150.08906269768335,13.504439979501885,12.212554736162305,11.964736790765272,4.510425148206952,4.996684906994442,5.011228869213574,-0.06560297511115998,-0.016087855304215637,-0.0032036687729739555,-0.0698723817746183,0.009320763805666488,-0.0205028061471193,-6.560297511115998,-1.6087855304215637,-0.32036687729739555,-6.98723817746183,0.9320763805666488,-2.05028061471193,Q3,0,1,0,0,0,0
2022-10-01,2022 Q4,2022,4,712740.4578287383,184437.0703833809,154135.0314240797,90.56663544030137,148.64881472355557,130.02102404001667,13.476872618861714,12.12506360234815,11.945584324636247,4.506085882975411,5.001586575806906,4.867696160764509,-0.0275673606401714,-0.08749113381415441,-0.019152466129025214,-0.004339265231541489,0.0049016688124634555,-0.14353270844906518,-2.75673606401714,-8.749113381415441,-1.9152466129025214,-0.4339265231541489,0.49016688124634555,-14.353270844906518,Q4,0,0,1,0,0,0
2023-01-01,2023 Q1,2023,1,703987.5043215773,188695.40339048047,127674.19005307504,94.49542312745363,150.41937999662048,112.00943778669,13.46451588543944,12.147889371709024,11.757236907678022,4.5485514008130865,5.01342725957498,4.718583133697508,-0.012356733422274502,0.022825769360872883,-0.18834741695822466,0.042465517837675826,0.011840683768074456,-0.14911302706700091,-1.2356733422274502,2.2825769360872883,-18.834741695822466,4.246551783767583,1.1840683768074456,-14.911302706700091,Q1,0,0,0,0,0,0
2023-04-01,2023 Q2,2023,2,737941.9093740722,211890.2110260426,138008.10350854392,93.60862978564312,151.54840514510707,103.67118567228334,13.511620386899265,12.263823546993196,11.835067683491731,4.539122577798083,5.020905079826578,4.641224214255086,0.0471045014598257,0.11593417528417227,0.0778307758137089,-0.009428823015003474,0.007477820251597933,-0.07735891944242201,4.71045014598257,11.593417528417227,7.78307758137089,-0.9428823015003474,0.7477820251597933,-7.735891944242201,Q2,1,0,0,0,0,0
2023-07-01,2023 Q3,2023,3,728638.5845686822,204695.19548265878,144580.7404917696,100.4506530763602,152.16070879924965,108.90978098749333,13.498933119289587,12.229277300356145,11.881593388216158,4.60966659274663,5.024937257035768,4.690519842136104,-0.012687267609678088,-0.03454624663705097,0.046525704724427186,0.07054401494854723,0.004032177209190024,0.049295627881018156,-1.2687267609678088,-3.454624663705097,4.652570472442719,7.054401494854723,0.40321772091900243,4.929562788101816,Q3,0,1,0,0,0,0
2023-10-01,2023 Q4,2023,4,700509.9345723233,182209.63907360536,136672.5146529924,99.41308245536746,152.87842579986585,107.55717038960667,13.459563826774726,12.112913166215472,11.825342939240755,4.599283719241243,5.029643002913186,4.678022523780604,-0.03936929251486099,-0.1163641341406727,-0.05625044897540299,-0.010382873505387025,0.0047057458774180105,-0.012497318355499942,-3.9369292514860987,-11.63641341406727,-5.625044897540299,-1.0382873505387025,0.47057458774180105,-1.2497318355499942,Q4,0,0,1,0,0,0
2024-01-01,2024 Q1,2024,1,669057.7333851669,161524.27900890994,147042.54718297214,118.1901584254535,153.81838380751944,104.41107045027333,13.413625633421534,11.992410744766257,11.898477260501034,4.77229483945352,5.035772580536388,4.648335708622544,-0.0459381933531926,-0.12050242144921519,0.07313432126027841,0.17301112021227638,0.006129577623202209,-0.029686815158060043,-4.59381933531926,-12.05024214492152,7.313432126027841,17.301112021227638,0.6129577623202209,-2.9686815158060043,Q1,0,0,0,0,0,0
2024-04-01,2024 Q2,2024,2,729947.7852745531,166315.00219915036,163867.90065561747,93.45550188001316,156.06413197691708,108.55613030253333,13.500728283545234,12.021638872772748,12.006815898422737,4.537485407289026,5.050267025186226,4.687267369188761,0.08710265012370044,0.02922812800649055,0.10833863792170284,-0.2348094321644938,0.014494444649837845,0.038931660566216664,8.710265012370044,2.922812800649055,10.833863792170284,-23.48094321644938,1.4494444649837845,3.8931660566216664,Q2,1,0,0,0,0,0
2024-07-01,2024 Q3,2024,3,714524.3655499592,180683.25897019324,172279.42689264915,87.03929664288918,157.34637044510515,104.58040974189,13.479372377310096,12.104500826855114,12.056873012558434,4.466359702225823,5.058449556483047,4.649956246727926,-0.021355906235138278,0.0828619540823663,0.050057114135697134,-0.07112570506320282,0.00818253129682045,-0.03731112246083512,-2.135590623513828,8.28619540823663,5.005711413569713,-7.1125705063202815,0.818253129682045,-3.731112246083512,Q3,0,1,0,0,0,0
2024-10-01,2024 Q4,2024,4,718991.4609365795,198736.26138286063,172061.4140998232,81.86583418904911,157.55563864847537,103.00721983467334,13.485604760327485,12.199733905009644,12.055606750785197,4.405081738852636,5.059778657143781,4.634799081255328,0.006232383017389154,0.0952330781545303,-0.0012662617732370762,-0.06127796337318703,0.001329100660734106,-0.015157165472597711,0.6232383017389154,9.52330781545303,-0.12662617732370762,-6.127796337318703,0.1329100660734106,-1.5157165472597711,Q4,0,0,1,0,0,0
2025-01-01,2025 Q1,2025,1,708113.8056701763,226188.830887252,156840.2850631428,80.39674780610032,159.13500255851775,105.30168950888334,13.47036010223017,12.329125464288797,11.962983273945696,4.386973725193909,5.069752914657,4.656829463729955,-0.015244658097314456,0.1293915592791528,-0.0926234768395009,-0.018108013658727273,0.009974257513219342,0.022030382474627075,-1.5244658097314456,12.93915592791528,-9.26234768395009,-1.8108013658727273,0.9974257513219342,2.2030382474627075,Q1,0,0,0,0,0,0
2025-04-01,2025 Q2,2025,2,776528.7760907853,229490.64059812744,169102.08358760006,84.11974136866203,159.90339816129867,96.62689216026334,13.562588979597402,12.343617525943635,12.038257856440566,4.43224127627749,5.074569871404578,4.570857089228279,0.09222887736723173,0.014492061654838295,0.0752745824948704,0.04526755108358138,0.004816956747577983,-0.08597237450167583,9.222887736723173,1.4492061654838295,7.52745824948704,4.526755108358138,0.4816956747577983,-8.597237450167583,Q2,1,0,0,0,0,0
2025-07-01,2025 Q3,2025,3,737795.7416134314,223495.73137926898,188077.97990395376,95.26871113718741,160.42498694373828,97.20462422484667,13.511422292392398,12.317147593879184,12.144611942535011,4.556701437099701,5.07782646225112,4.576818284664469,-0.05116668720500428,-0.02646993206445103,0.10635408609444497,0.12446016082221067,0.0032565908465418403,0.005961195436190003,-5.116668720500428,-2.646993206445103,10.635408609444497,12.446016082221067,0.32565908465418403,0.5961195436190003,Q3,0,1,0,0,0,0
2025-10-01,2025 Q4,2025,4,733788.6697850603,218862.89052423177,190755.46039216834,96.53608212306617,160.64652076766572,94.25296180319,13.505976350316766,12.296200742068953,12.15874757464613,4.569916846469808,5.079206428107712,4.5459822508019,-0.005445942075631649,-0.020946851810231593,0.014135632111118568,0.013215409370107345,0.001379965856592058,-0.0308360338625695,-0.5445942075631649,-2.0946851810231593,1.4135632111118568,1.3215409370107345,0.1379965856592058,-3.08360338625695,Q4,0,0,1,0,0,0
