quarter,year,q,quarter_date,stata_qdate,gdp_real,imports_real,exports_real,ln_gdp_real,ln_imports_real,ln_exports_real,itcrm,ln_itcrm,itcrm_daily_obs,usa_gdp_real,ln_usa_gdp_real,brazil_gdp_real,ln_brazil_gdp_real,commodity_price_index,ln_commodity_price_index,commodity_monthly_obs,usa_gdp_real_index,brazil_gdp_real_index,ln_pib_socios,pib_socios_index,d_ln_imports_real,d_ln_exports_real,d_ln_gdp_real,d_ln_itcrm,d_ln_usa_gdp_real,d_ln_brazil_gdp_real,d_ln_commodity_price_index,d_ln_pib_socios,g_imports_real,g_exports_real,g_gdp_real,g_itcrm,g_usa_gdp_real,g_brazil_gdp_real,g_commodity_price_index,g_pib_socios,l1_ln_imports_real,l1_ln_exports_real,l1_ln_gdp_real,l1_ln_itcrm,l1_ln_usa_gdp_real,l1_ln_brazil_gdp_real,l1_ln_commodity_price_index,l1_ln_pib_socios,l1_d_ln_imports_real,l1_d_ln_exports_real,l1_d_ln_gdp_real,l1_d_ln_itcrm,l1_d_ln_usa_gdp_real,l1_d_ln_brazil_gdp_real,l1_d_ln_commodity_price_index,l1_d_ln_pib_socios
2004Q3,2004,3,2004-07-01,178,481151.97994350817,85416.07252113911,119619.17122810417,13.083938465799479,11.355289564892374,11.692068402202235,158.47096405885068,5.065571384477896,92,15512.619,9.649409100716316,221208.8,12.306862330840802,56.42361893053333,4.032887846206149,3,101.7308973629193,104.06153122427378,4.638430150989768,103.38192611366027,0.06542881412585011,0.001312471877533028,-0.0668095913825777,0.03500438246771154,0.009441229885171154,0.012551727545524471,0.06566278380017954,0.011651970825758973,6.542881412585011,0.1312471877533028,-6.680959138257769,3.5004382467711537,0.9441229885171154,1.2551727545524471,6.566278380017954,1.1651970825758973,11.289860750766524,11.690755930324702,13.150748057182057,5.0305670020101845,9.639967870831144,12.294310603295278,3.9672250624059697,4.626778180164009,0.09064057995417585,0.15046627357400055,0.11096347576832954,-0.03844084205695353,0.007719649918941585,0.02726045704128488,0.06685613713650618,0.021607994175917078
2004Q4,2004,4,2004-10-01,179,484543.67687656224,88375.32157266857,120898.05016710558,13.090962854601877,11.389348041921176,11.702702908822754,163.41826581826754,5.096312962091833,92,15670.88,9.659559492037449,222893.7,12.314450255179107,59.284271416773336,4.082344033330821,3,102.76876424713484,104.85414559567212,4.646759306198093,104.24660625061591,0.03405847702880216,0.010634506620519346,0.007024388802397752,0.030741577613937032,0.010150391321133156,0.007587924338304575,0.04945618712467148,0.008329155208325112,3.405847702880216,1.0634506620519346,0.7024388802397752,3.0741577613937032,1.0150391321133156,0.7587924338304575,4.945618712467148,0.8329155208325112,11.355289564892374,11.692068402202235,13.083938465799479,5.065571384477896,9.649409100716316,12.306862330840802,4.032887846206149,4.638430150989768,0.06542881412585011,0.001312471877533028,-0.0668095913825777,0.03500438246771154,0.009441229885171154,0.012551727545524471,0.06566278380017954,0.011651970825758973
2005Q1,2005,1,2005-01-01,180,493602.530577855,84904.77744994142,119186.92694656595,13.109485878338647,11.349285642211445,11.68844835433177,162.23892937896795,5.089070121385531,90,15844.727,9.670592042566685,224871.1,12.323282628134127,63.16151641714,4.145695198236972,3,103.90884325725243,105.78435846171939,4.656228112538775,105.23838524841786,-0.04006239970973091,-0.014254554490984006,0.01852302373677084,-0.0072428407063016564,0.011032550529236573,0.008832372955019707,0.06335116490615089,0.009468806340682256,-4.006239970973091,-1.4254554490984006,1.8523023736770838,-0.7242840706301656,1.1032550529236573,0.8832372955019707,6.335116490615089,0.9468806340682256,11.389348041921176,11.702702908822754,13.090962854601877,5.096312962091833,9.659559492037449,12.314450255179107,4.082344033330821,4.646759306198093,0.03405847702880216,0.010634506620519346,0.007024388802397752,0.030741577613937032,0.010150391321133156,0.007587924338304575,0.04945618712467148,0.008329155208325112
2005Q2,2005,2,2005-04-01,181,581668.2498796023,97288.20329605682,138217.54798367395,13.273655546802901,11.485433020290023,11.836584157534869,159.97943319646959,5.0750452644494635,91,15922.782,9.675506192875309,227267,12.333880816722534,66.77770114220667,4.201369209577464,3,104.4207236298486,106.91144302011055,4.665182110326841,106.18492083195285,0.13614737807857757,0.1481358032030986,0.16416966846425396,-0.01402485693606792,0.004914150308623633,0.010598188588406998,0.05567401134049277,0.008953997788065493,13.614737807857757,14.81358032030986,16.416966846425396,-1.402485693606792,0.49141503086236327,1.0598188588406998,5.567401134049277,0.8953997788065493,11.349285642211445,11.68844835433177,13.109485878338647,5.089070121385531,9.670592042566685,12.323282628134127,4.145695198236972,4.656228112538775,-0.04006239970973091,-0.014254554490984006,0.01852302373677084,-0.0072428407063016564,0.011032550529236573,0.008832372955019707,0.06335116490615089,0.009468806340682256
2005Q3,2005,3,2005-07-01,182,514697.7895054282,96844.89303709043,135432.69307676284,13.151335190907373,11.480865936800438,11.816230065829856,160.05559952727955,5.07552125191621,92,16047.587,9.68331377457644,225936,12.328007052309033,76.70246437865667,4.339933837956876,3,105.23918791659344,106.28531106668235,4.663265874401137,105.98164030081823,-0.004567083489584789,-0.020354091705012678,-0.12232035589552837,4.759874667463748e-4,0.007807581701131383,-0.005873764413500737,0.1385646283794113,-0.0019162359257034467,-0.4567083489584789,-2.035409170501268,-12.232035589552837,0.04759874667463748,0.7807581701131383,-0.5873764413500737,13.85646283794113,-0.19162359257034467,11.485433020290023,11.836584157534869,13.273655546802901,5.0750452644494635,9.675506192875309,12.333880816722534,4.201369209577464,4.665182110326841,0.13614737807857757,0.1481358032030986,0.16416966846425396,-0.01402485693606792,0.004914150308623633,0.010598188588406998,0.05567401134049277,0.008953997788065493
2005Q4,2005,4,2005-10-01,183,522255.20005077147,99636.55792383588,129550.81848020395,13.165911636383644,11.509284423655332,11.771828503841421,163.87264588585222,5.099089576676958,92,16136.734,9.688853566948517,228834.3,12.340753439839423,76.30541079280667,4.3347438504917655,3,105.82380901166528,107.64873574032694,4.6739276493941295,107.1176378170066,0.028418486854894454,-0.044401561988435034,0.014576445476270905,0.023568324760748105,0.0055397923720761355,0.012746387530389924,-0.005189987465110235,0.010661774992992257,2.8418486854894454,-4.440156198843503,1.4576445476270905,2.3568324760748105,0.5539792372076136,1.2746387530389924,-0.5189987465110235,1.0661774992992257,11.480865936800438,11.816230065829856,13.151335190907373,5.07552125191621,9.68331377457644,12.328007052309033,4.339933837956876,4.663265874401137,-0.004567083489584789,-0.020354091705012678,-0.12232035589552837,4.759874667463748e-4,0.007807581701131383,-0.005873764413500737,0.1385646283794113,-0.0019162359257034467
2006Q1,2006,1,2006-01-01,184,532348.2120169173,96613.89163948668,125801.7430565732,13.185053088076302,11.478477815653335,11.74246247892811,166.77965187721765,5.116673491339342,90,16353.835,9.70221770539623,232502.5,12.35665625663991,78.09387090280667,4.357911576209223,3,107.24754536130338,109.37433846877573,4.68909611653207,108.7548336711756,-0.030806608001997304,-0.02936602491331186,0.019141451692657796,0.01758391466238418,0.013364138447713003,0.01590281680048733,0.02316772571745762,0.015168467137940844,-3.0806608001997304,-2.936602491331186,1.9141451692657796,1.7583914662384181,1.3364138447713003,1.590281680048733,2.316772571745762,1.5168467137940844,11.509284423655332,11.771828503841421,13.165911636383644,5.099089576676958,9.688853566948517,12.340753439839423,4.3347438504917655,4.6739276493941295,0.028418486854894454,-0.044401561988435034,0.014576445476270905,0.023568324760748105,0.0055397923720761355,0.012746387530389924,-0.005189987465110235,0.010661774992992257
2006Q2,2006,2,2006-04-01,185,614076.392608544,101743.86172984361,141431.39484319702,13.327874617319235,11.530213774505672,11.859570036393947,166.0246105178015,5.112136033499024,91,16396.151,9.704801891145129,233239,12.359818957897645,85.14130918244334,4.44431233710165,3,107.52505134870691,109.72080442196872,4.6920914737589126,109.08108161881127,0.05173595885233695,0.11710755746583779,0.14282152924293356,-0.0045374578403185595,0.0025841857488995146,0.003162701257734213,0.08640076089242665,0.002995357226842188,5.173595885233695,11.710755746583779,14.282152924293356,-0.45374578403185595,0.25841857488995146,0.3162701257734213,8.640076089242665,0.2995357226842188,11.478477815653335,11.74246247892811,13.185053088076302,5.116673491339342,9.70221770539623,12.35665625663991,4.357911576209223,4.68909611653207,-0.030806608001997304,-0.02936602491331186,0.019141451692657796,0.01758391466238418,0.013364138447713003,0.01590281680048733,0.02316772571745762,0.015168467137940844
2006Q3,2006,3,2006-07-01,186,562978.9656268768,109844.576627056,139275.06000824482,13.240997545192755,11.60682170587988,11.84420610575049,165.9540555958801,5.111710976528889,92,16420.738,9.70630032718521,237150.4,12.37644981800049,85.57114051235332,4.449348082754759,3,107.6862915347427,111.56081383041278,4.704345059957857,110.42593888982282,0.07660793137420896,-0.015363930643456314,-0.08687707212648021,-4.2505697013428545e-4,0.0014984360400802643,0.01663086010284509,0.00503574565310938,0.012253586198944788,7.660793137420896,-1.5363930643456314,-8.687707212648021,-0.042505697013428545,0.14984360400802643,1.663086010284509,0.503574565310938,1.2253586198944788,11.530213774505672,11.859570036393947,13.327874617319235,5.112136033499024,9.704801891145129,12.359818957897645,4.44431233710165,4.6920914737589126,0.05173595885233695,0.11710755746583779,0.14282152924293356,-0.0045374578403185595,0.0025841857488995146,0.003162701257734213,0.08640076089242665,0.002995357226842188
2006Q4,2006,4,2006-10-01,187,572794.0466305886,112095.47619426234,144930.84608108603,13.258281501122376,11.627106253154636,11.884011984059772,163.56105535497915,5.097186347878285,92,16561.866,9.714858102750625,239932.5,12.38811291276593,79.81875693189,4.379758526107815,3,108.61180115262437,112.86957544396094,4.715109895948553,111.62107720385997,0.020284547274755482,0.03980587830928073,0.01728395592962073,-0.014524628650604221,0.008557775565416037,0.011663094765440363,-0.06958955664694422,0.010764835990695332,2.0284547274755482,3.980587830928073,1.7283955929620731,-1.452462865060422,0.8557775565416037,1.1663094765440363,-6.958955664694422,1.0764835990695332,11.60682170587988,11.84420610575049,13.240997545192755,5.111710976528889,9.70630032718521,12.37644981800049,4.449348082754759,4.704345059957857,0.07660793137420896,-0.015363930643456314,-0.08687707212648021,-4.2505697013428545e-4,0.0014984360400802643,0.01663086010284509,0.00503574565310938,0.012253586198944788
2007Q1,2007,1,2007-01-01,188,576846.8856994272,112275.54046719316,129994.2930727219,13.265332147536022,11.628711311724741,11.77524582903351,163.24253183080532,5.09523702028504,90,16611.69,9.717861943367756,244393.3,12.406534091828519,79.86404637875667,4.3803257687556405,3,108.9385441887429,114.96803481124309,4.729071385475283,113.19040327755411,0.0016050585701048448,-0.1087661550262613,0.0070506464136457225,-0.0019493275932447318,0.003003840617131104,0.018421179062588777,5.672426478255943e-4,0.013961489526730375,0.16050585701048448,-10.87661550262613,0.7050646413645723,-0.19493275932447318,0.3003840617131104,1.8421179062588777,0.05672426478255943,1.3961489526730375,11.627106253154636,11.884011984059772,13.258281501122376,5.097186347878285,9.714858102750625,12.38811291276593,4.379758526107815,4.715109895948553,0.020284547274755482,0.03980587830928073,0.01728395592962073,-0.014524628650604221,0.008557775565416037,0.011663094765440363,-0.06958955664694422,0.010764835990695332
2007Q2,2007,2,2007-04-01,189,674620.563006485,117677.32624788815,151852.5145033147,13.421905682921713,11.675701634486002,11.930665029463002,161.94424944308818,5.08725213676269,91,16713.314,9.723960926282437,248520.5,12.423280616086117,89.78584634876,4.497427349843151,3,109.60498875968278,116.90956133129484,4.74273795343059,114.74794650859424,0.04699032276126047,0.15541920042949187,0.1565735353856912,-0.00798488352234994,0.006098982914680917,0.016746524257598594,0.11710158108751045,0.013666567955306519,4.699032276126047,15.541920042949187,15.657353538569119,-0.7984883522349939,0.6098982914680917,1.6746524257598594,11.710158108751045,1.366656795530652,11.628711311724741,11.77524582903351,13.265332147536022,5.09523702028504,9.717861943367756,12.406534091828519,4.3803257687556405,4.729071385475283,0.0016050585701048448,-0.1087661550262613,0.0070506464136457225,-0.0019493275932447318,0.003003840617131104,0.018421179062588777,5.672426478255943e-4,0.013961489526730375
2007Q3,2007,3,2007-07-01,190,610425.6940148534,136188.56334207152,153959.99205222022,13.321911851799845,11.821795699583591,11.944448055775313,157.58525044375656,5.059966584489253,92,16809.587,9.729704657391745,251111.8,12.433653537271319,94.1764239738,4.545169873971357,3,110.23634176859898,118.12856638833354,4.751771814011136,115.78925991749055,0.14609406509758927,0.013783026312310653,-0.09999383112186777,-0.027285552273437652,0.005743731109307149,0.010372921185201278,0.04774252412820612,0.009033860580546005,14.609406509758927,1.3783026312310653,-9.999383112186777,-2.728555227343765,0.5743731109307149,1.0372921185201278,4.774252412820612,0.9033860580546005,11.675701634486002,11.930665029463002,13.421905682921713,5.08725213676269,9.723960926282437,12.423280616086117,4.497427349843151,4.74273795343059,0.04699032276126047,0.15541920042949187,0.1565735353856912,-0.00798488352234994,0.006098982914680917,0.016746524257598594,0.11710158108751045,0.013666567955306519
2007Q4,2007,4,2007-10-01,191,625876.8678635971,136704.05975474807,160654.21988093693,13.346908934031383,11.82557372055012,11.987009631742977,158.8753428463374,5.068119887470075,92,16915.191,9.73596737290394,254883.3,12.448561072329364,107.73057935716,4.6796334747544455,3,110.92888695939583,119.90276373044809,4.764178709195157,117.23479388023706,0.0037780209665285724,0.042561575967663856,0.02499708223153796,0.008153302980821842,0.006262715512194816,0.014907535058044985,0.1344636007830884,0.012406895184021494,0.37780209665285724,4.256157596766386,2.499708223153796,0.8153302980821842,0.6262715512194816,1.4907535058044985,13.446360078308839,1.2406895184021494,11.821795699583591,11.944448055775313,13.321911851799845,5.059966584489253,9.729704657391745,12.433653537271319,4.545169873971357,4.751771814011136,0.14609406509758927,0.013783026312310653,-0.09999383112186777,-0.027285552273437652,0.005743731109307149,0.010372921185201278,0.04774252412820612,0.009033860580546005
2008Q1,2008,1,2008-01-01,192,616720.3570644784,138615.196997182,138205.65471421785,13.33217097010638,11.839457006171523,11.836498106368778,159.28439423151988,5.070691247468816,91,16843.003,9.731690597313907,258110,12.461141129628757,120.34374440772001,4.790352184545963,3,110.45548204828222,121.42067505586263,4.77188268223976,118.14145553637604,0.01388328562140373,-0.1505115253741991,-0.014737963925002262,0.0025713599987415847,-0.004276775590032145,0.012580057299393488,0.11071870979151743,0.007703973044603352,1.388328562140373,-15.05115253741991,-1.4737963925002262,0.25713599987415847,-0.42767755900321447,1.2580057299393488,11.071870979151743,0.7703973044603352,11.82557372055012,11.987009631742977,13.346908934031383,5.068119887470075,9.73596737290394,12.448561072329364,4.6796334747544455,4.764178709195157,0.0037780209665285724,0.042561575967663856,0.02499708223153796,0.008153302980821842,0.006262715512194816,0.014907535058044985,0.1344636007830884,0.012406895184021494
2008Q2,2008,2,2008-04-01,193,711405.500455233,147043.53953203352,147769.55715328988,13.4749978703407,11.898484009198821,11.903409293028398,152.77978975297697,5.028997601969951,91,16943.291,9.737627223245223,263338.2,12.481194416616981,145.87198351953333,4.982729411863581,3,111.1131652051194,123.88013642243914,4.787852519557376,120.04330102357173,0.05902700302729791,0.06691118665962037,0.14282690023431854,-0.04169364549886545,0.005936625931315831,0.020053286988224173,0.19237722731761853,0.015969837317615365,5.902700302729791,6.691118665962037,14.282690023431854,-4.169364549886545,0.5936625931315831,2.0053286988224173,19.237722731761853,1.5969837317615365,11.839457006171523,11.836498106368778,13.33217097010638,5.070691247468816,9.731690597313907,12.461141129628757,4.790352184545963,4.77188268223976,0.01388328562140373,-0.1505115253741991,-0.014737963925002262,0.0025713599987415847,-0.004276775590032145,0.012580057299393488,0.11071870979151743,0.007703973044603352
2008Q3,2008,3,2008-07-01,194,647087.9597424942,153056.79563738548,169221.2711681687,13.380237514385612,11.938564344808201,12.038962434376579,142.70976281352287,4.960812937093701,92,16854.295,9.73236079944244,267624,12.497338289313307,138.39773156733668,4.930131652639828,3,110.52953435969539,125.89627190403388,4.79780315237676,121.24377064532459,0.04008033560937996,0.13555314134818097,-0.0947603559550867,-0.06818466487624963,-0.0052664238027837484,0.016143872696325445,-0.05259775922375365,0.009950632819384353,4.008033560937996,13.555314134818097,-9.47603559550867,-6.818466487624963,-0.5266423802783748,1.6143872696325445,-5.259775922375365,0.9950632819384353,11.898484009198821,11.903409293028398,13.4749978703407,5.028997601969951,9.737627223245223,12.481194416616981,4.982729411863581,4.787852519557376,0.05902700302729791,0.06691118665962037,0.14282690023431854,-0.04169364549886545,0.005936625931315831,0.020053286988224173,0.19237722731761853,0.015969837317615365
2008Q4,2008,4,2008-10-01,195,613490.8217026412,132326.80332668536,145677.599528055,13.3269205824713,11.793029924645309,11.88915123656155,128.30700795266304,4.854425891740664,92,16485.35,9.710227386702954,257538.7,12.458925279055464,80.92549279066,4.393528889267477,3,108.1100134569025,121.15192285075855,4.764099252641297,117.22547917758483,-0.14553442016289253,-0.14981119781502805,-0.05331693191431164,-0.10638704535303667,-0.022133412739485436,-0.03841301025784283,-0.5366027633723505,-0.03370389973546306,-14.553442016289253,-14.981119781502805,-5.331693191431164,-10.638704535303667,-2.2133412739485436,-3.841301025784283,-53.66027633723505,-3.370389973546306,11.938564344808201,12.038962434376579,13.380237514385612,4.960812937093701,9.73236079944244,12.497338289313307,4.930131652639828,4.79780315237676,0.04008033560937996,0.13555314134818097,-0.0947603559550867,-0.06818466487624963,-0.0052664238027837484,0.016143872696325445,-0.05259775922375365,0.009950632819384353
2009Q1,2009,1,2009-01-01,196,578553.0442424044,108884.58517996113,127658.20658776328,13.268285514139063,11.598043748671946,11.757111710362343,132.84412450399967,4.889176444686586,90,16298.262,9.698813755343052,253855.6,12.44452088040403,68.31159850828,4.2240795692645765,3,106.88310070117544,119.41931083147126,4.75055997695784,115.64902718871882,-0.1949861759733622,-0.13203952619920756,-0.058635068332238305,0.034750552945921775,-0.011413631359902254,-0.014404398651434391,-0.1694493200029008,-0.013539275683457141,-19.49861759733622,-13.203952619920756,-5.8635068332238305,3.4750552945921775,-1.1413631359902254,-1.4404398651434391,-16.94493200029008,-1.3539275683457141,11.793029924645309,11.88915123656155,13.3269205824713,4.854425891740664,9.710227386702954,12.458925279055464,4.393528889267477,4.764099252641297,-0.14553442016289253,-0.14981119781502805,-0.05331693191431164,-0.10638704535303667,-0.022133412739485436,-0.03841301025784283,-0.5366027633723505,-0.03370389973546306
2009Q2,2009,2,2009-04-01,197,631197.751860069,104729.45493210445,147851.62921163163,13.355374486815553,11.559135684247819,11.903964544574876,142.65983117661054,4.960462993452378,91,16269.145,9.697025648125424,258518.6,12.462722923920422,77.68820884783,4.352703493577879,3,106.69215302570451,121.61288956838763,4.76297957842925,117.09429828519079,-0.03890806442412753,0.1468528342125328,0.08708897267649007,0.07128654876579166,-0.00178810721762801,0.018202043516392763,0.1286239243133025,0.012419601471409969,-3.890806442412753,14.685283421253281,8.708897267649007,7.128654876579166,-0.178810721762801,1.8202043516392763,12.86239243133025,1.241960147140997,11.598043748671946,11.757111710362343,13.268285514139063,4.889176444686586,9.698813755343052,12.44452088040403,4.2240795692645765,4.75055997695784,-0.1949861759733622,-0.13203952619920756,-0.058635068332238305,0.034750552945921775,-0.011413631359902254,-0.014404398651434391,-0.1694493200029008,-0.013539275683457141
2009Q3,2009,3,2009-07-01,198,610519.8546117274,123133.64403046448,131625.13245280623,13.322066093890603,11.72102558133368,11.787713255724896,150.66445260171682,5.015055195934798,92,16326.281,9.700531419672563,264555.3,12.485805582151633,84.71501865488,4.439292901817565,3,107.0668477533793,124.45268728683993,4.780399337256745,119.15192234729136,0.161889897085862,-0.11625128884998048,-0.03330839292494936,0.05459220248242058,0.0035057715471396023,0.023082658231210473,0.08658940823968564,0.017419758827495357,16.1889897085862,-11.625128884998048,-3.330839292494936,5.459220248242058,0.3505771547139602,2.3082658231210473,8.658940823968564,1.7419758827495357,11.559135684247819,11.903964544574876,13.355374486815553,4.960462993452378,9.697025648125424,12.462722923920422,4.352703493577879,4.76297957842925,-0.03890806442412753,0.1468528342125328,0.08708897267649007,0.07128654876579166,-0.00178810721762801,0.018202043516392763,0.1286239243133025,0.012419601471409969
2009Q4,2009,4,2009-10-01,199,615220.8549372973,129128.9859125566,137574.77413312765,13.32973659604194,11.768567074580995,11.831922860153961,149.4187174891864,5.00675254925012,92,16502.754,9.711282555051808,271387.7,12.51130370479584,92.79516729525334,4.530394561876354,3,108.22414792624673,127.66679995295777,4.801631679200628,121.70884538094344,0.04754149324731394,0.04420960442906541,0.007670502151336578,-0.008302646684678727,0.010751135379244658,0.02549812264420659,0.09110166005878906,0.02123234194388246,4.754149324731394,4.420960442906541,0.7670502151336578,-0.8302646684678727,1.0751135379244658,2.549812264420659,9.110166005878906,2.123234194388246,11.72102558133368,11.787713255724896,13.322066093890603,5.015055195934798,9.700531419672563,12.485805582151633,4.439292901817565,4.780399337256745,0.161889897085862,-0.11625128884998048,-0.03330839292494936,0.05459220248242058,0.0035057715471396023,0.023082658231210473,0.08658940823968564,0.017419758827495357
2010Q1,2010,1,2010-01-01,200,611607.3365897301,131091.92974987472,124821.26202219723,13.32384574869716,11.78365410988505,11.73463808917396,137.01413178786902,4.92008407224462,90,16582.71,9.716115865272487,276993.7,12.531750041228523,96.85576520361,4.573222915222378,3,108.74849495169417,130.3039868281783,4.817561720562856,123.66319744777182,0.015087035304055973,-0.09728477098000177,-0.00589084734478007,-0.08666847700549951,0.00483331022067901,0.02044633643268412,0.04282835334602453,0.01593004136222831,1.5087035304055973,-9.728477098000177,-0.589084734478007,-8.666847700549951,0.483331022067901,2.044633643268412,4.282835334602453,1.5930041362228309,11.768567074580995,11.831922860153961,13.32973659604194,5.00675254925012,9.711282555051808,12.51130370479584,4.530394561876354,4.801631679200628,0.04754149324731394,0.04420960442906541,0.007670502151336578,-0.008302646684678727,0.010751135379244658,0.02549812264420659,0.09110166005878906,0.02123234194388246
2010Q2,2010,2,2010-04-01,201,733730.7739689032,151260.05259704142,175584.3282140499,13.505897447353764,11.926755837136003,12.075874709127788,129.13275029727657,4.860840947301898,91,16743.162,9.725745215095095,280519.4,12.544398163763631,96.96107485969667,4.5743096078587415,3,109.80073029272042,131.96255439256734,4.82933661915437,125.12792564676595,0.1431017272509525,0.34123661995382903,0.1820516986566041,-0.059243124942722325,0.009629349822608546,0.01264812253510783,0.0010866926363632956,0.011774898591514038,14.31017272509525,34.1236619953829,18.20516986566041,-5.9243124942722325,0.9629349822608546,1.264812253510783,0.10866926363632956,1.1774898591514038,11.78365410988505,11.73463808917396,13.32384574869716,4.92008407224462,9.716115865272487,12.531750041228523,4.573222915222378,4.817561720562856,0.015087035304055973,-0.09728477098000177,-0.00589084734478007,-0.08666847700549951,0.00483331022067901,0.02044633643268412,0.04282835334602453,0.01593004136222831
2010Q3,2010,3,2010-07-01,202,668566.5094889859,171903.47870439343,168049.61790716992,13.412891161209505,12.054688427957299,12.032014559465274,128.1246572203723,4.853003674535902,92,16872.266,9.733426487800099,282976.4,12.553118780921901,96.95839197626333,4.574281937780257,3,110.64738718367752,133.11838174761849,4.837756590802471,126.18594723822157,0.12793259082129538,-0.04386014966251395,-0.09300628614425932,-0.007837272765995884,0.007681272705003295,0.008720617158269661,-2.7670078484476335e-5,0.0084199716481006,12.793259082129538,-4.386014966251395,-9.300628614425932,-0.7837272765995884,0.7681272705003295,0.8720617158269661,-0.0027670078484476335,0.8419971648100599,11.926755837136003,12.075874709127788,13.505897447353764,4.860840947301898,9.725745215095095,12.544398163763631,4.5743096078587415,4.82933661915437,0.1431017272509525,0.34123661995382903,0.1820516986566041,-0.059243124942722325,0.009629349822608546,0.01264812253510783,0.0010866926363632956,0.011774898591514038
2010Q4,2010,4,2010-10-01,203,668190.0977195738,175630.3760945749,151952.376643681,13.41232798945882,12.076136929816295,11.931322439181363,126.67676725628871,4.841638702370154,92,16960.864,9.73866385144455,287037.1,12.567366754680016,109.22476796043334,4.693407850417146,3,111.22840796711584,135.028625191109,4.84939811444095,127.66352788344614,0.021448501858996494,-0.10069212028391128,-5.631717506844325e-4,-0.011364972165748277,0.00523736364445071,0.014247973758115151,0.1191259126368891,0.011641523638479256,2.1448501858996494,-10.069212028391128,-0.05631717506844325,-1.1364972165748277,0.523736364445071,1.424797375811515,11.91259126368891,1.1641523638479256,12.054688427957299,12.032014559465274,13.412891161209505,4.853003674535902,9.733426487800099,12.553118780921901,4.574281937780257,4.837756590802471,0.12793259082129538,-0.04386014966251395,-0.09300628614425932,-0.007837272765995884,0.007681272705003295,0.008720617158269661,-2.7670078484476335e-5,0.0084199716481006
2011Q1,2011,1,2011-01-01,204,662325.585972695,171680.48522975415,138279.54794538202,13.403512535725508,12.0533903842221,11.837032624905124,125.84497705836108,4.8350508086541915,90,16920.632,9.7362889847085,290892.8,12.580710093403527,127.40752283053332,4.84739079030003,3,110.96456873644145,136.8424320827943,4.858194733465826,128.7914891508722,-0.02274654559419531,-0.09428981427623917,-0.008815453733312495,-0.006587893715962245,-0.0023748667360496967,0.013343338723510456,0.15398293988288358,0.008796619024876051,-2.274654559419531,-9.428981427623917,-0.8815453733312495,-0.6587893715962245,-0.23748667360496967,1.3343338723510456,15.398293988288358,0.8796619024876051,12.076136929816295,11.931322439181363,13.41232798945882,4.841638702370154,9.73866385144455,12.567366754680016,4.693407850417146,4.84939811444095,0.021448501858996494,-0.10069212028391128,-5.631717506844325e-4,-0.011364972165748277,0.00523736364445071,0.014247973758115151,0.1191259126368891,0.011641523638479256
2011Q2,2011,2,2011-04-01,205,766332.9545716125,185834.80063049096,170971.2705204527,13.549372020825167,12.132613389386588,12.049250812717439,126.44972622393989,4.839844808020233,91,17035.114,9.743032022177166,293829.9,12.590756307455212,135.69590412324334,4.910416383063583,3,111.71533536017544,138.2241091379513,4.8672854556150345,129.9676347002923,0.07922300516448821,0.21221818781231505,0.14585948509965974,0.004793999366041746,0.006743037468666557,0.010046214051685709,0.06302559276355346,0.009090722149208474,7.922300516448821,21.221818781231505,14.585948509965974,0.47939993660417457,0.6743037468666557,1.004621405168571,6.302559276355346,0.9090722149208474,12.0533903842221,11.837032624905124,13.403512535725508,4.8350508086541915,9.7362889847085,12.580710093403527,4.84739079030003,4.858194733465826,-0.02274654559419531,-0.09428981427623917,-0.008815453733312495,-0.006587893715962245,-0.0023748667360496967,0.013343338723510456,0.15398293988288358,0.008796619024876051
2011Q3,2011,3,2011-07-01,206,711417.3919301049,212358.1719142757,172841.45085261774,13.475014585667584,12.266029618232771,12.060129984205371,121.97360435430066,4.803804663572908,92,17031.313,9.742808869921381,293160,12.588473814039787,132.1280114855,4.883771236630746,3,111.69040861241758,137.90897330353994,4.865598656602564,129.74859021637337,0.13341622884618332,0.010879171487932382,-0.07435743515758375,-0.03604014444732506,-2.23152255784953e-4,-0.0022824934154250798,-0.026645146432836775,-0.0016867990124707077,13.341622884618332,1.0879171487932382,-7.435743515758375,-3.604014444732506,-0.0223152255784953,-0.22824934154250798,-2.6645146432836775,-0.16867990124707077,12.132613389386588,12.049250812717439,13.549372020825167,4.839844808020233,9.743032022177166,12.590756307455212,4.910416383063583,4.8672854556150345,0.07922300516448821,0.21221818781231505,0.14585948509965974,0.004793999366041746,0.006743037468666557,0.010046214051685709,0.06302559276355346,0.009090722149208474
2011Q4,2011,4,2011-10-01,207,703050.4564079926,198767.51540656984,164054.8771545037,13.463183941201587,12.199891156465346,12.007956267630375,112.52451640893264,4.723171121537526,92,17222.583,9.753976766732846,295888.9,12.597739325011483,125.03358844213334,4.828582408743964,3,112.94474669282847,139.19270845583912,4.875414460366547,131.02844805712024,-0.06613846176742477,-0.052173716574996476,-0.011830644465996798,-0.08063354203538253,0.011167896811464573,0.009265510971696145,-0.05518882788678248,0.009815803763983055,-6.613846176742477,-5.217371657499648,-1.1830644465996798,-8.063354203538253,1.1167896811464573,0.9265510971696145,-5.518882788678248,0.9815803763983055,12.266029618232771,12.060129984205371,13.475014585667584,4.803804663572908,9.742808869921381,12.588473814039787,4.883771236630746,4.865598656602564,0.13341622884618332,0.010879171487932382,-0.07435743515758375,-0.03604014444732506,-2.23152255784953e-4,-0.0022824934154250798,-0.026645146432836775,-0.0016867990124707077
2012Q1,2012,1,2012-01-01,208,672685.9936305042,175963.63222419756,145984.1028063894,13.419033922673854,12.07803261757853,11.89125300987434,111.52249009795474,4.714226275474864,91,17367.01,9.762327708551636,291619.2,12.583204120570443,131.42297761537665,4.878420958459867,3,113.89189097023478,137.18414677172763,4.867499406825883,129.99544440796174,-0.12185853888681564,-0.11670325775603452,-0.04415001852773237,-0.008944846062661327,0.008350941818790147,-0.014535204441040506,0.04983854971590329,-0.007915053540664019,-12.185853888681564,-11.670325775603452,-4.415001852773237,-0.8944846062661327,0.8350941818790147,-1.4535204441040506,4.983854971590329,-0.7915053540664019,12.199891156465346,12.007956267630375,13.463183941201587,4.723171121537526,9.753976766732846,12.597739325011483,4.828582408743964,4.875414460366547,-0.06613846176742477,-0.052173716574996476,-0.011830644465996798,-0.08063354203538253,0.011167896811464573,0.009265510971696145,-0.05518882788678248,0.009815803763983055
2012Q2,2012,2,2012-04-01,209,730838.2725927758,168790.0330989145,155692.76464038188,13.501947472931292,12.036410813778188,11.955639886866814,103.257584791302,4.637226689591501,91,17444.525,9.766781124817959,296886.7,12.601105863520784,123.24908882980667,4.814207420033863,3,114.40023005269965,139.6620957309185,4.881511025550197,131.82971152731503,-0.04162180380034286,0.06438687699247403,0.08291355025743741,-0.07699958588336298,0.004453416266322563,0.017901742950341415,-0.06421353842600386,0.014011618724314445,-4.162180380034286,6.438687699247403,8.29135502574374,-7.6999585883362975,0.4453416266322563,1.7901742950341415,-6.421353842600386,1.4011618724314445,12.07803261757853,11.89125300987434,13.419033922673854,4.714226275474864,9.762327708551636,12.583204120570443,4.878420958459867,4.867499406825883,-0.12185853888681564,-0.11670325775603452,-0.04415001852773237,-0.008944846062661327,0.008350941818790147,-0.014535204441040506,0.04983854971590329,-0.007915053540664019
2012Q3,2012,3,2012-07-01,210,703461.6525301962,194333.56638199877,164111.32295096808,13.463768644498922,12.177331375885064,12.008300275008361,100.68640939862051,4.612010829331622,92,17469.65,9.76822036858282,302034.2,12.618295534978385,124.57665091101667,4.824921196425767,3,114.5649984129774,142.083594025638,4.89414465655924,133.5057644834285,0.1409205621068761,0.05266038814154683,-0.03817882843237008,-0.02521586025987954,0.0014392437648620415,0.017189671457600753,0.010713776391903629,0.012633631009042467,14.092056210687609,5.266038814154683,-3.817882843237008,-2.521586025987954,0.14392437648620415,1.7189671457600753,1.0713776391903629,1.2633631009042467,12.036410813778188,11.955639886866814,13.501947472931292,4.637226689591501,9.766781124817959,12.601105863520784,4.814207420033863,4.881511025550197,-0.04162180380034286,0.06438687699247403,0.08291355025743741,-0.07699958588336298,0.004453416266322563,0.017901742950341415,-0.06421353842600386,0.014011618724314445
2012Q4,2012,4,2012-10-01,211,706958.0390823189,193210.37317505115,153813.21961273105,13.468726592455889,12.171534890701476,11.943494285628642,101.28646579461183,4.617952797142212,92,17489.852,9.769376105998571,302086.6,12.618469010217547,124.77757746632666,4.826532772055379,3,114.69748201155771,142.1082441491238,4.894602265429242,133.56687188603092,-0.005796485183587663,-0.06480598937971926,0.004957947956967246,0.0059419678105898655,0.0011557374157504796,1.7347523916200203e-4,0.0016115756296120054,4.576088700023462e-4,-0.5796485183587663,-6.480598937971926,0.4957947956967246,0.5941967810589865,0.11557374157504796,0.017347523916200203,0.16115756296120054,0.04576088700023462,12.177331375885064,12.008300275008361,13.463768644498922,4.612010829331622,9.76822036858282,12.618295534978385,4.824921196425767,4.89414465655924,0.1409205621068761,0.05266038814154683,-0.03817882843237008,-0.02521586025987954,0.0014392437648620415,0.017189671457600753,0.010713776391903629,0.012633631009042467
2013Q1,2013,1,2013-01-01,212,677085.5291731508,176602.613153124,131767.0547308842,13.425552879473315,12.08165736405908,11.788790905698727,102.87197275489662,4.633485232123409,90,17662.4,9.779193365264087,303705.2,12.623812773047284,126.59558237524666,4.840997614750911,3,115.82904225152603,142.86966952840174,4.901240052212201,134.45640931667893,-0.08987752664239679,-0.15470337992991468,-0.043173712982573775,0.015532434981197163,0.009817259265515688,0.005343762829737031,0.014464842695532276,0.006637786782959232,-8.987752664239679,-15.470337992991468,-4.3173712982573775,1.5532434981197163,0.9817259265515688,0.5343762829737031,1.4464842695532276,0.6637786782959232,12.171534890701476,11.943494285628642,13.468726592455889,4.617952797142212,9.769376105998571,12.618469010217547,4.826532772055379,4.894602265429242,-0.005796485183587663,-0.06480598937971926,0.004957947956967246,0.0059419678105898655,0.0011557374157504796,1.7347523916200203e-4,0.0016115756296120054,4.576088700023462e-4
2013Q2,2013,2,2013-04-01,213,776486.6027994199,190652.1070945469,168720.23462672776,13.56253466810513,12.158205617385908,12.035997205779521,100.8610373237707,4.613743701384217,91,17709.671,9.781866153529224,307918.3,12.637589767027864,117.94242023755,4.770196541283886,3,116.13904285485692,144.8516053157709,4.91180499307425,135.88446370167543,0.07654825332682869,0.24720630008079425,0.13698178863181454,-0.019741530739191937,0.0026727882651371715,0.013776993980579633,-0.07080107346702569,0.010564940862048289,7.654825332682869,24.720630008079425,13.698178863181454,-1.9741530739191937,0.26727882651371715,1.3776993980579633,-7.080107346702569,1.0564940862048289,12.08165736405908,11.788790905698727,13.425552879473315,4.633485232123409,9.779193365264087,12.623812773047284,4.840997614750911,4.901240052212201,-0.08987752664239679,-0.15470337992991468,-0.043173712982573775,0.015532434981197163,0.009817259265515688,0.005343762829737031,0.014464842695532276,0.006637786782959232
2013Q3,2013,3,2013-07-01,214,721458.9442161823,202951.05150852748,159733.63225018964,13.48903075220373,12.220720103374722,11.981262908462783,97.67574741141982,4.581653292935608,92,17860.45,9.790344050081721,309354.2,12.642242177721666,121.08771190784333,4.796515174789938,3,117.12784319691933,145.52708455839115,4.91756398123043,136.6692784189809,0.06251448598881382,-0.05473429731673818,-0.07350391590139971,-0.03209040844860844,0.0084778965524972,0.004652410693802622,0.02631863350605279,0.005758988156180145,6.251448598881382,-5.473429731673818,-7.350391590139971,-3.2090408448608443,0.8477896552497199,0.4652410693802622,2.631863350605279,0.5758988156180145,12.158205617385908,12.035997205779521,13.56253466810513,4.613743701384217,9.781866153529224,12.637589767027864,4.770196541283886,4.91180499307425,0.07654825332682869,0.24720630008079425,0.13698178863181454,-0.019741530739191937,0.0026727882651371715,0.013776993980579633,-0.07080107346702569,0.010564940862048289
2013Q4,2013,4,2013-10-01,215,706597.3450225071,190526.0773657585,137569.02973944266,13.468216256502028,12.15754435323954,11.831881104580294,100.0569830049666,4.605739853746264,92,18016.147,9.799023690319984,309854.4,12.643857788708987,120.78779606454,4.794035254441455,3,118.14889551095571,145.76238974479597,4.921222965491475,137.17026515002536,-0.06317575013518173,-0.14938180388248945,-0.020814495701701574,0.0240865608106553,0.008679640238263175,0.0016156109873204372,-0.002479920348483766,0.003658984261045717,-6.317575013518173,-14.938180388248945,-2.0814495701701574,2.40865608106553,0.8679640238263175,0.16156109873204372,-0.24799203484837662,0.3658984261045717,12.220720103374722,11.981262908462783,13.48903075220373,4.581653292935608,9.790344050081721,12.642242177721666,4.796515174789938,4.91756398123043,0.06251448598881382,-0.05473429731673818,-0.07350391590139971,-0.03209040844860844,0.0084778965524972,0.004652410693802622,0.02631863350605279,0.005758988156180145
2014Q1,2014,1,2014-01-01,216,671066.0466350628,174142.8791751422,119113.81889969677,13.416622841266465,12.067631385926541,11.68783477631796,111.60973802674842,4.715008304444623,90,17953.974,9.795566762170324,312481.8,12.652301506462578,120.8032223691,4.7941629603858305,3,117.7411684158891,146.99837704339643,4.926224248210483,137.8580107983568,-0.08991296731299947,-0.1440463282623341,-0.05159341523556371,0.10926845069835966,-0.0034569281496601434,0.008443717753591429,1.2770594437583327e-4,0.0050012827190073494,-8.991296731299947,-14.40463282623341,-5.159341523556371,10.926845069835966,-0.34569281496601434,0.8443717753591429,0.012770594437583327,0.5001282719007349,12.15754435323954,11.831881104580294,13.468216256502028,4.605739853746264,9.799023690319984,12.643857788708987,4.794035254441455,4.921222965491475,-0.06317575013518173,-0.14938180388248945,-0.020814495701701574,0.0240865608106553,0.008679640238263175,0.0016156109873204372,-0.002479920348483766,0.003658984261045717
2014Q2,2014,2,2014-04-01,217,760576.8683480041,169554.60524510773,152688.83294255967,13.541832461639395,12.040930308760307,11.936157357835489,109.951900046997,4.700042997860978,91,18185.911,9.808402452399474,307853.6,12.637379624277804,121.39264245558667,4.799030270986376,3,119.26219843291355,144.82116899917673,4.919331647841967,136.91107778663806,-0.02670107716623349,0.24832258151752917,0.12520962037292982,-0.014965306583645699,0.012835690229149321,-0.014921882184774304,0.004867310600545238,-0.006892600368515467,-2.670107716623349,24.832258151752917,12.520962037292982,-1.4965306583645699,1.2835690229149321,-1.4921882184774304,0.4867310600545238,-0.6892600368515467,12.067631385926541,11.68783477631796,13.416622841266465,4.715008304444623,9.795566762170324,12.652301506462578,4.7941629603858305,4.926224248210483,-0.08991296731299947,-0.1440463282623341,-0.05159341523556371,0.10926845069835966,-0.0034569281496601434,0.008443717753591429,1.2770594437583327e-4,0.0050012827190073494
2014Q3,2014,3,2014-07-01,218,690879.7982516835,173099.24330165779,147198.696369442,13.4457211342921,12.061620369702739,11.899538629051841,105.11638891535725,4.655068202123399,92,18406.941,9.820483100725255,307668,12.636776558501964,113.87474015606,4.7350990737427,3,120.71170094722952,144.7338586381277,4.922397530974198,137.33147526611157,0.020690060942431643,-0.03661872878364747,-0.09611132734729466,-0.04497479573757879,0.012080648325781596,-6.03065775839795e-4,-0.0639311972436758,0.0030658831322307734,2.0690060942431643,-3.661872878364747,-9.611132734729466,-4.497479573757879,1.2080648325781596,-0.060306577583979504,-6.39311972436758,0.30658831322307734,12.040930308760307,11.936157357835489,13.541832461639395,4.700042997860978,9.808402452399474,12.637379624277804,4.799030270986376,4.919331647841967,-0.02670107716623349,0.24832258151752917,0.12520962037292982,-0.014965306583645699,0.012835690229149321,-0.014921882184774304,0.004867310600545238,-0.006892600368515467
2014Q4,2014,4,2014-10-01,219,686701.4706187104,156603.1437184007,137067.84127832402,13.439654936180249,11.961470137167488,11.828231274055842,96.00269063873141,4.5643762185618595,92,18500.031,9.825527686740688,309278.8,12.641998414455324,93.79450612645999,4.541106284216501,3,121.32218001820485,145.49161472421497,4.927568109017951,138.04339731500113,-0.1001502325352508,-0.07130735499599972,-0.006066198111851051,-0.0906919835615394,0.005044586015433339,0.005221855953360333,-0.1939927895261988,0.0051705780437529825,-10.01502325352508,-7.130735499599972,-0.6066198111851051,-9.06919835615394,0.5044586015433339,0.5221855953360333,-19.39927895261988,0.5170578043752982,12.061620369702739,11.899538629051841,13.4457211342921,4.655068202123399,9.820483100725255,12.636776558501964,4.7350990737427,4.922397530974198,0.020690060942431643,-0.03661872878364747,-0.09611132734729466,-0.04497479573757879,0.012080648325781596,-6.03065775839795e-4,-0.0639311972436758,0.0030658831322307734
2015Q1,2015,1,2015-01-01,220,672749.8113916992,160419.64644001034,116284.29138088347,13.419128788234895,11.985548450953958,11.663793259572172,88.15031676192419,4.479043502279557,90,18666.621,9.834492234617613,306865.6,12.63416514569721,74.95356385621334,4.316868773200851,3,122.414668023724,144.35639186169587,4.9245938532041,137.63343091267132,0.024078313786469963,-0.1644380144836699,-0.020526147945354012,-0.0853327162823021,0.008964547876924911,-0.007833268758114187,-0.22423751101564982,-0.0029742558138510233,2.4078313786469963,-16.44380144836699,-2.052614794535401,-8.53327162823021,0.8964547876924911,-0.7833268758114187,-22.42375110156498,-0.29742558138510233,11.961470137167488,11.828231274055842,13.439654936180249,4.5643762185618595,9.825527686740688,12.641998414455324,4.541106284216501,4.927568109017951,-0.1001502325352508,-0.07130735499599972,-0.006066198111851051,-0.0906919835615394,0.005044586015433339,0.005221855953360333,-0.1939927895261988,0.0051705780437529825
2015Q2,2015,2,2015-04-01,221,791235.9655416702,174021.0174703611,149591.7080612978,13.58135151521108,12.06693136096168,11.915664915588618,84.59135472105598,4.437832071331978,91,18782.243,9.84066718120015,299601.6,12.610208871064879,78.94854771313,4.368796345511941,3,123.17291070440194,140.93924497236267,4.909353472850797,135.55174818689798,0.08138291000772213,0.251871656016446,0.16222272697618578,-0.04121143094757951,0.006174946582536478,-0.023956274632331187,0.05192757231109013,-0.015240380353302996,8.138291000772213,25.1871656016446,16.22227269761858,-4.121143094757951,0.6174946582536478,-2.3956274632331187,5.192757231109013,-1.5240380353302996,11.985548450953958,11.663793259572172,13.419128788234895,4.479043502279557,9.834492234617613,12.63416514569721,4.316868773200851,4.9245938532041,0.024078313786469963,-0.1644380144836699,-0.020526147945354012,-0.0853327162823021,0.008964547876924911,-0.007833268758114187,-0.22423751101564982,-0.0029742558138510233
2015Q3,2015,3,2015-07-01,222,718281.2654497817,192990.26576942846,147404.70503841518,13.484616505932115,12.170395030187231,11.90093717843428,79.29732919416644,4.373204448302711,92,18857.418,9.84466164331584,294668.2,12.59360525655804,68.84645231621667,4.231878696123269,3,123.66590419629766,138.61846407150418,4.898708151800205,134.11640968277231,0.10346366922555106,-0.014727737154338172,-0.09673500927896583,-0.06462762302926706,0.003994462115690212,-0.016603614506838227,-0.13691764938867212,-0.010645321050591683,10.346366922555106,-1.4727737154338172,-9.673500927896583,-6.462762302926706,0.39944621156902116,-1.6603614506838227,-13.691764938867212,-1.0645321050591683,12.06693136096168,11.915664915588618,13.58135151521108,4.437832071331978,9.84066718120015,12.610208871064879,4.368796345511941,4.909353472850797,0.08138291000772213,0.251871656016446,0.16222272697618578,-0.04121143094757951,0.006174946582536478,-0.023956274632331187,0.05192757231109013,-0.015240380353302996
2015Q4,2015,4,2015-10-01,223,703681.5441690079,177694.95689144067,127344.36995735198,13.464081180765476,12.087823633838171,11.754650270222275,78.91481958960355,4.368369037712596,92,18892.206,9.846504735042945,292402.4,12.585886214758412,62.027853804340005,4.127583539069029,3,123.89404197609235,137.55258144184407,4.893755096294548,133.45376607139363,-0.08257139634905997,-0.14628690821200507,-0.02053532516663914,-0.004835410590114719,0.0018430917271050618,-0.007719041799628457,-0.1042951570542403,-0.004953055505657389,-8.257139634905997,-14.628690821200507,-2.053532516663914,-0.48354105901147193,0.18430917271050618,-0.7719041799628457,-10.42951570542403,-0.4953055505657389,12.170395030187231,11.90093717843428,13.484616505932115,4.373204448302711,9.84466164331584,12.59360525655804,4.231878696123269,4.898708151800205,0.10346366922555106,-0.014727737154338172,-0.09673500927896583,-0.06462762302926706,0.003994462115690212,-0.016603614506838227,-0.13691764938867212,-0.010645321050591683
2016Q1,2016,1,2016-01-01,224,677652.0891157025,179480.42369351548,133430.0745609402,13.426389292322465,12.097821420759718,11.80133283353823,100.4461532068811,4.609621794926664,91,19001.69,9.852283201561416,288212.9,12.571454722128763,54.377673656026666,3.9959536588855573,3,124.61203199227735,135.5817476184876,4.885169628492845,132.31290746990615,0.009997786921546847,0.046682563315956216,-0.03769188844301041,0.2412527572140677,0.005778466518471248,-0.014431492629649156,-0.13162988018347166,-0.008585467801703217,0.9997786921546847,4.668256331595622,-3.7691888443010413,24.12527572140677,0.5778466518471248,-1.4431492629649156,-13.162988018347166,-0.8585467801703217,12.087823633838171,11.754650270222275,13.464081180765476,4.368369037712596,9.846504735042945,12.585886214758412,4.127583539069029,4.893755096294548,-0.08257139634905997,-0.14628690821200507,-0.02053532516663914,-0.004835410590114719,0.0018430917271050618,-0.007719041799628457,-0.1042951570542403,-0.004953055505657389
2016Q2,2016,2,2016-04-01,225,760703.2801516564,187899.66185803575,148260.21087746305,13.541998652993522,12.143663385815243,11.906724190558702,92.58417675697508,4.528118249696455,91,19062.709,9.85548929722409,289022.2,12.574258780753322,64.41065527324668,4.165279073977732,3,125.01219121917437,135.96246030812657,4.888089982182097,132.69987272005127,0.045841965055524625,0.10539135702047098,0.11560936067105665,-0.08150354523020908,0.0032060956626729364,0.0028040586245587917,0.16932541509217502,0.002920353689252586,4.5841965055524625,10.539135702047098,11.560936067105665,-8.150354523020908,0.32060956626729364,0.2804058624558792,16.9325415092175,0.2920353689252586,12.097821420759718,11.80133283353823,13.426389292322465,4.609621794926664,9.852283201561416,12.571454722128763,3.9959536588855573,4.885169628492845,0.009997786921546847,0.046682563315956216,-0.03769188844301041,0.2412527572140677,0.005778466518471248,-0.014431492629649156,-0.13162988018347166,-0.008585467801703217
2016Q3,2016,3,2016-07-01,226,694382.4757762303,193030.1033736731,146914.0315983942,13.450778205512467,12.17060143175342,11.897602875628964,92.81070122474145,4.530561948065683,92,19197.938,9.862558156415194,287439.2,12.568766638593992,65.58718781934334,4.1833803692430624,3,125.89901552134349,135.2177819593085,4.886231292481545,132.45345391235438,0.02693804593817717,-0.009121314929737778,-0.09122044748105473,0.002443698369228642,0.0070688591911043375,-0.005492142159329916,0.01810129526533011,-0.0018586897005521408,2.693804593817717,-0.9121314929737778,-9.122044748105473,0.24436983692286418,0.7068859191104337,-0.5492142159329916,1.8101295265330108,-0.18586897005521408,12.143663385815243,11.906724190558702,13.541998652993522,4.528118249696455,9.85548929722409,12.574258780753322,4.165279073977732,4.888089982182097,0.045841965055524625,0.10539135702047098,0.11560936067105665,-0.08150354523020908,0.0032060956626729364,0.0028040586245587917,0.16932541509217502,0.002920353689252586
2016Q4,2016,4,2016-10-01,227,693173.5493470577,185783.3786412887,140767.7071609437,13.449035678777427,12.132336643024873,11.854866343850645,90.23323667222243,4.502397836716505,92,19304.352,9.868085841701404,287158.8,12.567790651826694,70.39556879289,4.254130317900173,3,126.59687264733735,135.08587557332706,4.887136587512938,132.57341765917087,-0.03826478872854722,-0.04273653177831882,-0.0017425267350397178,-0.028164111349178178,0.005527685286210726,-9.759867672975986e-4,0.07074994865711037,9.052950313925834e-4,-3.8264788728547217,-4.273653177831882,-0.17425267350397178,-2.816411134917818,0.5527685286210726,-0.09759867672975986,7.074994865711037,0.09052950313925834,12.17060143175342,11.897602875628964,13.450778205512467,4.530561948065683,9.862558156415194,12.568766638593992,4.1833803692430624,4.886231292481545,0.02693804593817717,-0.009121314929737778,-0.09122044748105473,0.002443698369228642,0.0070688591911043375,-0.005492142159329916,0.01810129526533011,-0.0018586897005521408
2017Q1,2017,1,2017-01-01,228,681444.7661102223,194211.6667513001,134667.5744060569,13.43197047930701,12.176703908994194,11.810564608891497,88.60086092042903,4.484141574498691,90,19398.343,9.87294292903244,290082.8,12.577921678451744,73.87799125507,4.302414965668902,3,127.21326042647627,136.4613900976126,4.895742050438035,133.7191961962702,0.04436726596932061,-0.044301734959148575,-0.017065199470417625,-0.018256262217813735,0.00485708733103607,0.010131026625050055,0.048284647768729094,0.008605462925097562,4.436726596932061,-4.4301734959148575,-1.7065199470417625,-1.8256262217813735,0.48570873310360696,1.0131026625050055,4.828464776872909,0.8605462925097562,12.132336643024873,11.854866343850645,13.449035678777427,4.502397836716505,9.868085841701404,12.567790651826694,4.254130317900173,4.887136587512938,-0.03826478872854722,-0.04273653177831882,-0.0017425267350397178,-0.028164111349178178,0.005527685286210726,-9.759867672975986e-4,0.07074994865711037,9.052950313925834e-4
2017Q2,2017,2,2017-04-01,229,778401.6764493167,211208.75068866156,150287.56199874158,13.56499796356348,12.260602263140864,11.920305817817333,84.28033121991413,4.434148518922501,91,19506.949,9.878526040045418,292505.3,12.58623806514801,70.07398208909666,4.249551570924608,3,127.92549256722549,137.60098788662825,4.903267797361651,134.72932926101504,0.08389835414667068,0.10974120892583628,0.13302748425646982,-0.04999305557619049,0.005583111012978037,0.008316386696264999,-0.05286339474429358,0.007525746923615628,8.389835414667068,10.974120892583628,13.302748425646982,-4.999305557619049,0.5583111012978037,0.8316386696264999,-5.286339474429358,0.7525746923615628,12.176703908994194,11.810564608891497,13.43197047930701,4.484141574498691,9.87294292903244,12.577921678451744,4.302414965668902,4.895742050438035,0.04436726596932061,-0.044301734959148575,-0.017065199470417625,-0.018256262217813735,0.00485708733103607,0.010131026625050055,0.048284647768729094,0.008605462925097562
2017Q3,2017,3,2017-07-01,230,721120.4268527942,229079.8067032367,153867.07257565856,13.488561429854622,12.341825722711544,11.943844343561144,91.41784054722537,4.5154406513954,92,19660.766,9.886380355302267,293200.8,12.588612977503871,72.28790278676999,4.280656795480157,3,128.93421594524904,137.92816652946019,4.907227706756187,135.26390293077498,0.08122345957067978,0.023538525743811434,-0.07643653370885772,0.08129213247289879,0.00785431525684821,0.0023749123558616247,0.03110522455554854,0.003959909394535721,8.122345957067978,2.3538525743811434,-7.643653370885772,8.12921324728988,0.785431525684821,0.23749123558616247,3.110522455554854,0.3959909394535721,12.260602263140864,11.920305817817333,13.56499796356348,4.434148518922501,9.878526040045418,12.58623806514801,4.249551570924608,4.903267797361651,0.08389835414667068,0.10974120892583628,0.13302748425646982,-0.04999305557619049,0.005583111012978037,0.008316386696264999,-0.05286339474429358,0.007525746923615628
2017Q4,2017,4,2017-10-01,231,724592.9216389629,227978.62402592791,145441.11931488177,13.4933652887492,12.337007149269125,11.88752660544111,87.86449389920023,4.475795785648433,92,19882.352,9.89758778307166,294788.9,12.594014785942578,79.91544004737666,4.3809690762482605,3,130.38736467681136,138.6752440315183,4.914308875083751,136.22512868018322,-0.004818573442419094,-0.05631773812003438,0.004803858894577573,-0.03964486574696657,0.011207427769393874,0.005401808438707079,0.10031228076810361,0.007081168327564669,-0.4818573442419094,-5.631773812003438,0.4803858894577573,-3.9644865746966573,1.1207427769393874,0.5401808438707079,10.031228076810361,0.7081168327564669,12.341825722711544,11.943844343561144,13.488561429854622,4.5154406513954,9.886380355302267,12.588612977503871,4.280656795480157,4.907227706756187,0.08122345957067978,0.023538525743811434,-0.07643653370885772,0.08129213247289879,0.00785431525684821,0.0023749123558616247,0.03110522455554854,0.003959909394535721
2018Q1,2018,1,2018-01-01,232,707324.2680572142,225441.6687326833,144939.93221966934,13.469244493275594,12.32581672921957,11.884074675019098,94.9231091472028,4.553067186479943,90,20044.077,9.90568897762083,296535.2,12.59992120875456,85.26146271861333,4.44572256716707,3,131.44794828142503,139.4967423262378,4.920850167564358,137.1191378901756,-0.011190420049555172,-0.0034519304220115288,-0.024120795473605128,0.07727140083150985,0.008101194549169577,0.0059064228119822815,0.06475349091880922,0.006541292480606309,-1.1190420049555172,-0.3451930422011529,-2.4120795473605128,7.727140083150985,0.8101194549169577,0.5906422811982281,6.475349091880922,0.6541292480606309,12.337007149269125,11.88752660544111,13.4933652887492,4.475795785648433,9.89758778307166,12.594014785942578,4.3809690762482605,4.914308875083751,-0.004818573442419094,-0.05631773812003438,0.004803858894577573,-0.03964486574696657,0.011207427769393874,0.005401808438707079,0.10031228076810361,0.007081168327564669
2018Q2,2018,2,2018-04-01,233,747428.2999545744,220135.4818205716,137726.1206501707,13.52439365985317,12.301998462248342,11.833022359175997,100.92949860144779,4.614422239453308,91,20150.476,9.910983189924599,296243.7,12.598937705382573,91.13117653729,4.512299968962279,3,132.14570703824856,139.35961425379278,4.92168258482013,137.2333257460292,-0.023818266971227686,-0.051052315843101326,0.05514916657757496,0.061355052973365076,0.005294212303768475,-9.83503371987382e-4,0.06657740179520921,8.324172557720999e-4,-2.3818266971227686,-5.105231584310133,5.514916657757496,6.135505297336508,0.5294212303768475,-0.0983503371987382,6.657740179520921,0.08324172557720999,12.32581672921957,11.884074675019098,13.469244493275594,4.553067186479943,9.90568897762083,12.59992120875456,4.44572256716707,4.920850167564358,-0.011190420049555172,-0.0034519304220115288,-0.024120795473605128,0.07727140083150985,0.008101194549169577,0.0059064228119822815,0.06475349091880922,0.006541292480606309
2018Q3,2018,3,2018-07-01,234,696101.5835218076,206728.92891598196,144474.37418546676,13.453250882002335,12.239163691929088,11.880857429530753,119.62673667113573,4.784376367294787,92,20276.154,9.917200794749824,299090.8,12.608502485201477,90.63714098687333,4.506864073712052,3,132.9698964107057,140.69895331059627,4.930279145555902,138.41814575778082,-0.06283477031925422,0.04783507035475587,-0.07114277785083445,0.16995412784147934,0.00621760482522582,0.009564779818903801,-0.005435895250227141,0.008596560735772307,-6.283477031925422,4.783507035475587,-7.114277785083445,16.995412784147934,0.621760482522582,0.9564779818903801,-0.5435895250227141,0.8596560735772307,12.301998462248342,11.833022359175997,13.52439365985317,4.614422239453308,9.910983189924599,12.598937705382573,4.512299968962279,4.92168258482013,-0.023818266971227686,-0.051052315843101326,0.05514916657757496,0.061355052973365076,0.005294212303768475,-9.83503371987382e-4,0.06657740179520921,8.324172557720999e-4
2018Q4,2018,4,2018-10-01,235,678655.6203844536,171694.68040516032,160897.22038331698,13.427869091404709,12.053473064490419,11.988521057401277,121.52981190541574,4.80015959816009,92,20304.874,9.918616234733008,298300.3,12.605855976201294,84.82029610029333,4.440534854965762,3,133.15824058213565,140.32708455839116,4.928807614418494,138.21460893842786,-0.18569062743866915,0.10766362787052408,-0.02538179059762591,0.015783230865302755,0.0014154399831838305,-0.0026465090001828173,-0.06632921874629005,-0.0014715311374082773,-18.569062743866915,10.766362787052408,-2.538179059762591,1.5783230865302755,0.14154399831838305,-0.26465090001828173,-6.632921874629005,-0.14715311374082773,12.239163691929088,11.880857429530753,13.453250882002335,4.784376367294787,9.917200794749824,12.608502485201477,4.506864073712052,4.930279145555902,-0.06283477031925422,0.04783507035475587,-0.07114277785083445,0.16995412784147934,0.00621760482522582,0.009564779818903801,-0.005435895250227141,0.008596560735772307
2019Q1,2019,1,2019-01-01,236,665848.7152997089,168867.2817768531,145979.48694396394,13.40881776951446,12.036868370454043,11.891221390435561,117.51000612667666,4.76652348848334,90,20431.641,9.924840007640276,299228,12.608961103591554,80.31423779745667,4.385946912800428,3,133.98957155635767,140.7634952369752,4.932814855414644,138.76957939316983,-0.01660469403637599,-0.09729966696571601,-0.01905132189024883,-0.033636109676749903,0.006223772907267389,0.0031051273902598098,-0.054587942165333914,0.004007240996149797,-1.6604694036375989,-9.729966696571601,-1.905132189024883,-3.3636109676749903,0.6223772907267389,0.310512739025981,-5.458794216533391,0.4007240996149797,12.053473064490419,11.988521057401277,13.427869091404709,4.80015959816009,9.918616234733008,12.605855976201294,4.440534854965762,4.928807614418494,-0.18569062743866915,0.10766362787052408,-0.02538179059762591,0.015783230865302755,0.0014154399831838305,-0.0026465090001828173,-0.06632921874629005,-0.0014715311374082773
2019Q2,2019,2,2019-04-01,237,751784.4607771325,171113.94006205903,159369.0737788398,13.530204940541235,12.050084929747142,11.97897801007071,118.0166728094676,4.770825909479955,91,20602.275,9.933156785573171,300916.7,12.614588761244228,82.42124893009,4.411843279036459,3,135.10857989019377,141.55789721274846,4.939220380246972,139.66132437818916,0.01321655929309884,0.08775661963514914,0.12138717102677532,0.004302420996614487,0.008316777932895647,0.005627657652674145,0.0258963662360312,0.006405524832328702,1.321655929309884,8.775661963514914,12.138717102677532,0.43024209966144866,0.8316777932895647,0.5627657652674145,2.58963662360312,0.6405524832328702,12.036868370454043,11.891221390435561,13.40881776951446,4.76652348848334,9.924840007640276,12.608961103591554,4.385946912800428,4.932814855414644,-0.01660469403637599,-0.09729966696571601,-0.01905132189024883,-0.033636109676749903,0.006223772907267389,0.0031051273902598098,-0.054587942165333914,0.004007240996149797
2019Q3,2019,3,2019-07-01,238,683900.8985525784,176396.74291737538,166474.09168042988,13.43556830095077,12.080490958197148,12.022594970771896,122.56413731927104,4.808634462923089,92,20843.322,9.944788888154081,300973.1,12.614776170966621,76.59638222425001,4.338549846182767,3,136.68935278332287,141.58442902504999,4.942718333949627,140.15070864767858,0.030406028450006062,0.04361696070118626,-0.09463663959046542,0.03780855344313405,0.011632102580909631,1.8740972239328357e-4,-0.07329343285369205,0.0034979537026549323,3.040602845000606,4.361696070118626,-9.463663959046542,3.780855344313405,1.1632102580909631,0.018740972239328357,-7.329343285369205,0.34979537026549323,12.050084929747142,11.97897801007071,13.530204940541235,4.770825909479955,9.933156785573171,12.614588761244228,4.411843279036459,4.939220380246972,0.01321655929309884,0.08775661963514914,0.12138717102677532,0.004302420996614487,0.008316777932895647,0.005627657652674145,0.0258963662360312,0.006405524832328702
2019Q4,2019,4,2019-10-01,239,671361.13972242,153557.48180457173,173554.69540591474,13.417062482380873,11.941830250208273,12.064248075985402,126.6782508469827,4.841650413925781,92,20985.448,9.951584524122135,303620.4,12.623533515922107,78.04469287092,4.35728164812068,3,137.62140723000286,142.82977772550865,4.950908226028949,141.303240941793,-0.13866070798887442,0.041653105213505626,-0.018505818569897414,0.03301595100269239,0.006795635968053659,0.008757344955485635,0.01873180193791324,0.008189892079322192,-13.866070798887442,4.165310521350563,-1.8505818569897414,3.301595100269239,0.6795635968053659,0.8757344955485635,1.873180193791324,0.8189892079322192,12.080490958197148,12.022594970771896,13.43556830095077,4.808634462923089,9.944788888154081,12.614776170966621,4.338549846182767,4.942718333949627,0.030406028450006062,0.04361696070118626,-0.09463663959046542,0.03780855344313405,0.011632102580909631,1.8740972239328357e-4,-0.07329343285369205,0.0034979537026549323
2020Q1,2020,1,2020-01-01,240,632389.3535346101,147946.86528046793,139323.35480735442,13.357260549157733,11.90460846990851,11.844552804059061,117.96600358057067,4.770396477705973,91,20709.212,9.938333904414169,296691.6,12.600448494452454,68.09163375543666,4.220854353265426,3,135.80986682125928,139.57031635893213,4.930667948402937,138.471973590462,-0.037221780299763196,-0.21969527192634075,-0.05980193322313987,-0.07125393621980791,-0.013250619707966038,-0.023085021469652744,-0.1364272948552543,-0.020240277626012215,-3.7221780299763196,-21.969527192634075,-5.980193322313987,-7.125393621980791,-1.3250619707966038,-2.3085021469652744,-13.642729485525429,-2.0240277626012215,11.941830250208273,12.064248075985402,13.417062482380873,4.841650413925781,9.951584524122135,12.623533515922107,4.35728164812068,4.950908226028949,-0.13866070798887442,0.041653105213505626,-0.018505818569897414,0.03301595100269239,0.006795635968053659,0.008757344955485635,0.01873180193791324,0.008189892079322192
2020Q2,2020,2,2020-04-01,241,609379.9894648014,118831.91607431165,136593.3283672289,13.320197308540402,11.685465303653878,11.824763384276222,113.21443479558648,4.729283673501698,91,19077.992,9.856290698373899,270333,12.507409811383058,52.19675233142333,3.955020277079989,3,125.11241628783606,127.1706456544749,4.84080986709707,126.5718165827247,-0.21914316625463215,-0.01978941978283899,-0.03706324061733035,-0.041112804204275655,-0.08204320604026982,-0.09303868306939655,-0.265834076185437,-0.08985808130586737,-21.914316625463215,-1.978941978283899,-3.706324061733035,-4.1112804204275655,-8.204320604026982,-9.303868306939655,-26.583407618543696,-8.985808130586737,11.90460846990851,11.844552804059061,13.357260549157733,4.770396477705973,9.938333904414169,12.600448494452454,4.220854353265426,4.930667948402937,-0.037221780299763196,-0.21969527192634075,-0.05980193322313987,-0.07125393621980791,-0.013250619707966038,-0.023085021469652744,-0.1364272948552543,-0.020240277626012215
2020Q3,2020,3,2020-07-01,242,614192.478404223,136935.27553956184,136347.82248110074,13.328063640746866,11.827263651857633,11.822964418077277,118.78197430605286,4.777289663985635,92,20558.879,9.931048194736347,291742.3,12.583626157341218,63.14784121161333,4.145478663122918,3,134.82399132252758,137.24205574503117,4.916604219576953,136.5381714121488,0.14179834820375525,-0.0017989661989457062,0.007866332206463156,0.04800599048393739,0.074757496362448,0.0762163459581604,0.1904583860429292,0.07579435247988275,14.179834820375525,-0.17989661989457062,0.7866332206463156,4.800599048393739,7.4757496362447995,7.62163459581604,19.045838604292918,7.579435247988275,11.685465303653878,11.824763384276222,13.320197308540402,4.729283673501698,9.856290698373899,12.507409811383058,3.955020277079989,4.84080986709707,-0.21914316625463215,-0.01978941978283899,-0.03706324061733035,-0.041112804204275655,-0.08204320604026982,-0.09303868306939655,-0.265834076185437,-0.08985808130586737
2020Q4,2020,4,2020-10-01,243,642403.3231979504,150921.0025940372,120573.80620850835,13.37297161469899,11.924511817271375,11.700017344067163,120.28744341362085,4.7898842402563115,92,20791.917,9.94231958439339,302931,12.621260335786461,68.82390291089,4.231551110631227,3,136.35224163665313,142.50546865812066,4.946612577669953,140.69755374769593,0.09724816541374182,-0.12294707401011351,0.044907973952124536,0.012594576270676505,0.01127138965704333,0.037634178445243194,0.08607244750830922,0.030008358093000176,9.724816541374182,-12.294707401011351,4.490797395212454,1.2594576270676505,1.127138965704333,3.7634178445243194,8.607244750830922,3.0008358093000176,11.827263651857633,11.822964418077277,13.328063640746866,4.777289663985635,9.931048194736347,12.583626157341218,4.145478663122918,4.916604219576953,0.14179834820375525,-0.0017989661989457062,0.007866332206463156,0.04800599048393739,0.074757496362448,0.0762163459581604,0.1904583860429292,0.07579435247988275
2021Q1,2021,1,2021-01-01,244,652831.9767063217,147517.1122590696,125271.19242964439,13.389075065357487,11.901699463348482,11.738236205669315,121.34966580399175,4.798676178184407,90,21082.134,9.956181230928129,305627.6,12.630122646332552,85.92560660318334,4.453481882393065,3,138.25546867007503,143.77400917323297,4.956921018913225,142.1554275066378,-0.022812353922892825,0.03821886160215193,0.0161034506584965,0.008791937928095628,0.01386164653473898,0.008862310546090768,0.22193077176183795,0.010308441243272348,-2.2812353922892825,3.8218861602151932,1.6103450658496499,0.8791937928095628,1.386164653473898,0.8862310546090768,22.193077176183795,1.0308441243272348,11.924511817271375,11.700017344067163,13.37297161469899,4.7898842402563115,9.94231958439339,12.621260335786461,4.231551110631227,4.946612577669953,0.09724816541374182,-0.12294707401011351,0.044907973952124536,0.012594576270676505,0.01127138965704333,0.037634178445243194,0.08607244750830922,0.030008358093000176
2021Q2,2021,2,2021-04-01,245,723516.6224906747,163057.52331432875,146242.5639765279,13.491878799897803,12.0018583213019,11.893021919196535,116.98878756330764,4.762078097413259,91,21440.929,9.973056944469892,303499.4,12.623134912543986,95.63818542888333,4.56057216947918,3,140.60842643428808,142.77285663883336,4.9568361345837335,142.14336125061558,0.10015885795341717,0.15478571352721993,0.10280373454031633,-0.03659808077114857,0.016875713541763204,-0.00698773378856643,0.10709028708611434,-8.488432949160796e-5,10.015885795341717,15.478571352721993,10.280373454031633,-3.6598080771148567,1.6875713541763204,-0.698773378856643,10.709028708611434,-0.008488432949160796,11.901699463348482,11.738236205669315,13.389075065357487,4.798676178184407,9.956181230928129,12.630122646332552,4.453481882393065,4.956921018913225,-0.022812353922892825,0.03821886160215193,0.0161034506584965,0.008791937928095628,0.01386164653473898,0.008862310546090768,0.22193077176183795,0.010308441243272348
2021Q3,2021,3,2021-07-01,246,686756.4678266743,164904.0195560567,161505.18821382578,13.439735021935267,12.013118883969568,11.992292546291853,111.93286387330615,4.71789926186266,92,21617.828,9.981273623611811,303900.3,12.624454966071228,105.02549576107,4.654203137454398,3,141.76852029159247,142.9614489003881,4.960151137446448,142.61534878786367,0.01126056266766895,0.09927062709531853,-0.05214377796253622,-0.04417883555059898,0.008216679141918704,0.0013200535272428482,0.0936309679752183,0.0033150028627142447,1.126056266766895,9.927062709531853,-5.214377796253622,-4.417883555059898,0.8216679141918704,0.13200535272428482,9.36309679752183,0.33150028627142447,12.0018583213019,11.893021919196535,13.491878799897803,4.762078097413259,9.973056944469892,12.623134912543986,4.56057216947918,4.9568361345837335,0.10015885795341717,0.15478571352721993,0.10280373454031633,-0.03659808077114857,0.016875713541763204,-0.00698773378856643,0.10709028708611434,-8.488432949160796e-5
2021Q4,2021,4,2021-10-01,247,696134.6691121149,182089.20202110667,144860.42838246084,13.453298410703374,12.11225196698396,11.883525994961987,103.76644074349484,4.642142611554097,92,21988.737,9.998285646701525,307920.3,12.637596262236187,117.00361524598334,4.762204833858695,3,144.20092099775195,144.85254616017875,4.9744120977106,144.66375199229017,0.09913308301439194,-0.10876655132986635,0.013563388768107032,-0.07575665030856271,0.01701202308971439,0.013141296164958405,0.10800169640429669,0.014260960264151912,9.913308301439194,-10.876655132986635,1.3563388768107032,-7.575665030856271,1.701202308971439,1.3141296164958405,10.800169640429669,1.4260960264151912,12.013118883969568,11.992292546291853,13.439735021935267,4.71789926186266,9.981273623611811,12.624454966071228,4.654203137454398,4.960151137446448,0.01126056266766895,0.09927062709531853,-0.05214377796253622,-0.04417883555059898,0.008216679141918704,0.0013200535272428482,0.0936309679752183,0.0033150028627142447
2022Q1,2022,1,2022-01-01,248,697625.284666358,182574.74792954684,135342.64275390128,13.455437396141335,12.114914945846781,11.815564936371848,101.88547272358794,4.623849366018236,90,21932.71,9.995734408788572,310143.5,12.64479037258049,136.78651911557665,4.918421455855845,3,143.83349903073577,145.89838880395155,4.978787224233542,145.29806078934703,0.002662978862820964,-0.06796105859013934,0.002138985437960983,-0.01829324553586087,-0.002551237912953752,0.007194110344302729,0.15621662199715036,0.004375126522941919,0.2662978862820964,-6.7961058590139345,0.2138985437960983,-1.829324553586087,-0.2551237912953752,0.7194110344302729,15.621662199715036,0.4375126522941919,12.11225196698396,11.883525994961987,13.453298410703374,4.642142611554097,9.998285646701525,12.637596262236187,4.762204833858695,4.9744120977106,0.09913308301439194,-0.10876655132986635,0.013563388768107032,-0.07575665030856271,0.01701202308971439,0.013141296164958405,0.10800169640429669,0.014260960264151912
2022Q2,2022,2,2022-04-01,249,782338.6285337352,204565.31484498063,157619.70172501827,13.570042954613045,12.22864259146652,11.967940459538246,97.54341197957987,4.5802975299815705,91,21967.045,9.997298654739424,313709.1,12.656221402364977,153.19807245803,5.031731675360693,3,144.05866606158696,147.5757262142773,4.987364143188776,146.549630112938,0.1137276456197398,0.15237552316639835,0.11460555847171072,-0.04355183603666557,0.001564245950852694,0.011431029784487734,0.11331021950484832,0.00857691895523427,11.37276456197398,15.237552316639835,11.460555847171072,-4.355183603666557,0.1564245950852694,1.1431029784487734,11.331021950484832,0.857691895523427,12.114914945846781,11.815564936371848,13.455437396141335,4.623849366018236,9.995734408788572,12.64479037258049,4.918421455855845,4.978787224233542,0.002662978862820964,-0.06796105859013934,0.002138985437960983,-0.01829324553586087,-0.002551237912953752,0.007194110344302729,0.15621662199715036,0.004375126522941919
2022Q3,2022,3,2022-07-01,250,732662.1638755014,201300.62896976204,157115.5484099105,13.504439979501885,12.212554736162307,11.964736790765272,90.96048197691148,4.510425148206952,92,22125.625,10.004491718064717,316921.1,12.66640812598064,150.08906269768335,5.011228869213574,3,145.09862493015788,149.08672233329412,4.996684906994442,147.9219702950336,-0.01608785530421386,-0.0032036687729739555,-0.06560297511115998,-0.0698723817746183,0.00719306332529257,0.01018672361566253,-0.0205028061471193,0.009320763805666488,-1.608785530421386,-0.32036687729739555,-6.560297511115998,-6.98723817746183,0.719306332529257,1.018672361566253,-2.05028061471193,0.9320763805666488,12.22864259146652,11.967940459538246,13.570042954613045,4.5802975299815705,9.997298654739424,12.656221402364977,5.031731675360693,4.987364143188776,0.1137276456197398,0.15237552316639835,0.11460555847171072,-0.04355183603666557,0.001564245950852694,0.011431029784487734,0.11331021950484832,0.00857691895523427
2022Q4,2022,4,2022-10-01,251,712740.4578287385,184437.0703833809,154135.03142407967,13.476872618861714,12.12506360234815,11.945584324636247,90.56663544030137,4.506085882975411,92,22278.345,10.01137040941504,318222.2,12.670505159894049,130.02102404001667,4.867696160764509,3,146.10015424285905,149.69878866282488,5.001586575806906,148.64881472355557,-0.08749113381415619,-0.019152466129025214,-0.0275673606401714,-0.004339265231541489,0.006878691350323152,0.004097033913408765,-0.14353270844906518,0.0049016688124634555,-8.749113381415619,-1.9152466129025214,-2.75673606401714,-0.4339265231541489,0.6878691350323152,0.4097033913408765,-14.353270844906518,0.49016688124634555,12.212554736162307,11.964736790765272,13.504439979501885,4.510425148206952,10.004491718064717,12.66640812598064,5.011228869213574,4.996684906994442,-0.01608785530421386,-0.0032036687729739555,-0.06560297511115998,-0.0698723817746183,0.00719306332529257,0.01018672361566253,-0.0205028061471193,0.009320763805666488
