quarter,year,q,quarter_date,stata_qdate,commodity_price_index,ln_commodity_price_index,commodity_monthly_obs
2004Q1,2004,1,2004-01-01,176,49.420678279773334,3.9003689252694635,3
2004Q2,2004,2,2004-04-01,177,52.83770588241,3.9672250624059697,3
2004Q3,2004,3,2004-07-01,178,56.42361893053333,4.032887846206149,3
2004Q4,2004,4,2004-10-01,179,59.284271416773336,4.082344033330821,3
2005Q1,2005,1,2005-01-01,180,63.16151641714,4.145695198236972,3
2005Q2,2005,2,2005-04-01,181,66.77770114220667,4.201369209577464,3
2005Q3,2005,3,2005-07-01,182,76.70246437865667,4.339933837956876,3
2005Q4,2005,4,2005-10-01,183,76.30541079280667,4.3347438504917655,3
2006Q1,2006,1,2006-01-01,184,78.09387090280667,4.357911576209223,3
2006Q2,2006,2,2006-04-01,185,85.14130918244334,4.44431233710165,3
2006Q3,2006,3,2006-07-01,186,85.57114051235332,4.449348082754759,3
2006Q4,2006,4,2006-10-01,187,79.81875693189,4.379758526107815,3
2007Q1,2007,1,2007-01-01,188,79.86404637875667,4.3803257687556405,3
2007Q2,2007,2,2007-04-01,189,89.78584634876,4.497427349843151,3
2007Q3,2007,3,2007-07-01,190,94.1764239738,4.545169873971357,3
2007Q4,2007,4,2007-10-01,191,107.73057935716,4.6796334747544455,3
2008Q1,2008,1,2008-01-01,192,120.34374440772001,4.790352184545963,3
2008Q2,2008,2,2008-04-01,193,145.87198351953333,4.982729411863581,3
2008Q3,2008,3,2008-07-01,194,138.39773156733668,4.930131652639828,3
2008Q4,2008,4,2008-10-01,195,80.92549279066,4.393528889267477,3
2009Q1,2009,1,2009-01-01,196,68.31159850828,4.2240795692645765,3
2009Q2,2009,2,2009-04-01,197,77.68820884783,4.352703493577879,3
2009Q3,2009,3,2009-07-01,198,84.71501865488,4.439292901817565,3
2009Q4,2009,4,2009-10-01,199,92.79516729525334,4.530394561876354,3
2010Q1,2010,1,2010-01-01,200,96.85576520361,4.573222915222378,3
2010Q2,2010,2,2010-04-01,201,96.96107485969667,4.5743096078587415,3
2010Q3,2010,3,2010-07-01,202,96.95839197626333,4.574281937780257,3
2010Q4,2010,4,2010-10-01,203,109.22476796043334,4.693407850417146,3
2011Q1,2011,1,2011-01-01,204,127.40752283053332,4.84739079030003,3
2011Q2,2011,2,2011-04-01,205,135.69590412324334,4.910416383063583,3
2011Q3,2011,3,2011-07-01,206,132.1280114855,4.883771236630746,3
2011Q4,2011,4,2011-10-01,207,125.03358844213334,4.828582408743964,3
2012Q1,2012,1,2012-01-01,208,131.42297761537665,4.878420958459867,3
2012Q2,2012,2,2012-04-01,209,123.24908882980667,4.814207420033863,3
2012Q3,2012,3,2012-07-01,210,124.57665091101667,4.824921196425767,3
2012Q4,2012,4,2012-10-01,211,124.77757746632666,4.826532772055379,3
2013Q1,2013,1,2013-01-01,212,126.59558237524666,4.840997614750911,3
2013Q2,2013,2,2013-04-01,213,117.94242023755,4.770196541283886,3
2013Q3,2013,3,2013-07-01,214,121.08771190784333,4.796515174789938,3
2013Q4,2013,4,2013-10-01,215,120.78779606454,4.794035254441455,3
2014Q1,2014,1,2014-01-01,216,120.8032223691,4.7941629603858305,3
2014Q2,2014,2,2014-04-01,217,121.39264245558667,4.799030270986376,3
2014Q3,2014,3,2014-07-01,218,113.87474015606,4.7350990737427,3
2014Q4,2014,4,2014-10-01,219,93.79450612645999,4.541106284216501,3
2015Q1,2015,1,2015-01-01,220,74.95356385621334,4.316868773200851,3
2015Q2,2015,2,2015-04-01,221,78.94854771313,4.368796345511941,3
2015Q3,2015,3,2015-07-01,222,68.84645231621667,4.231878696123269,3
2015Q4,2015,4,2015-10-01,223,62.027853804340005,4.127583539069029,3
2016Q1,2016,1,2016-01-01,224,54.377673656026666,3.9959536588855573,3
2016Q2,2016,2,2016-04-01,225,64.41065527324668,4.165279073977732,3
2016Q3,2016,3,2016-07-01,226,65.58718781934334,4.1833803692430624,3
2016Q4,2016,4,2016-10-01,227,70.39556879289,4.254130317900173,3
2017Q1,2017,1,2017-01-01,228,73.87799125507,4.302414965668902,3
2017Q2,2017,2,2017-04-01,229,70.07398208909666,4.249551570924608,3
2017Q3,2017,3,2017-07-01,230,72.28790278676999,4.280656795480157,3
2017Q4,2017,4,2017-10-01,231,79.91544004737666,4.3809690762482605,3
2018Q1,2018,1,2018-01-01,232,85.26146271861333,4.44572256716707,3
2018Q2,2018,2,2018-04-01,233,91.13117653729,4.512299968962279,3
2018Q3,2018,3,2018-07-01,234,90.63714098687333,4.506864073712052,3
2018Q4,2018,4,2018-10-01,235,84.82029610029333,4.440534854965762,3
2019Q1,2019,1,2019-01-01,236,80.31423779745667,4.385946912800428,3
2019Q2,2019,2,2019-04-01,237,82.42124893009,4.411843279036459,3
2019Q3,2019,3,2019-07-01,238,76.59638222425001,4.338549846182767,3
2019Q4,2019,4,2019-10-01,239,78.04469287092,4.35728164812068,3
2020Q1,2020,1,2020-01-01,240,68.09163375543666,4.220854353265426,3
2020Q2,2020,2,2020-04-01,241,52.19675233142333,3.955020277079989,3
2020Q3,2020,3,2020-07-01,242,63.14784121161333,4.145478663122918,3
2020Q4,2020,4,2020-10-01,243,68.82390291089,4.231551110631227,3
2021Q1,2021,1,2021-01-01,244,85.92560660318334,4.453481882393065,3
2021Q2,2021,2,2021-04-01,245,95.63818542888333,4.56057216947918,3
2021Q3,2021,3,2021-07-01,246,105.02549576107,4.654203137454398,3
2021Q4,2021,4,2021-10-01,247,117.00361524598334,4.762204833858695,3
2022Q1,2022,1,2022-01-01,248,136.78651911557665,4.918421455855845,3
2022Q2,2022,2,2022-04-01,249,153.19807245803,5.031731675360693,3
2022Q3,2022,3,2022-07-01,250,150.08906269768335,5.011228869213574,3
2022Q4,2022,4,2022-10-01,251,130.02102404001667,4.867696160764509,3
2023Q1,2023,1,2023-01-01,252,112.00943778669,4.718583133697508,3
2023Q2,2023,2,2023-04-01,253,103.67118567228334,4.641224214255086,3
2023Q3,2023,3,2023-07-01,254,108.90978098749333,4.690519842136104,3
2023Q4,2023,4,2023-10-01,255,107.55717038960667,4.678022523780604,3
2024Q1,2024,1,2024-01-01,256,104.41107045027333,4.648335708622544,3
2024Q2,2024,2,2024-04-01,257,108.55613030253333,4.687267369188761,3
2024Q3,2024,3,2024-07-01,258,104.58040974189,4.649956246727926,3
2024Q4,2024,4,2024-10-01,259,103.00721983467334,4.634799081255328,3
2025Q1,2025,1,2025-01-01,260,105.30168950888334,4.656829463729955,3
2025Q2,2025,2,2025-04-01,261,96.62689216026334,4.570857089228279,3
2025Q3,2025,3,2025-07-01,262,97.20462422484667,4.576818284664469,3
2025Q4,2025,4,2025-10-01,263,94.25296180319,4.5459822508019,3
